"player_id","entity_name","team_name","start_year","end_year","runner_runs_tot","runner_runs_XB","runner_runs_SBX","N_runner_moved","runner_runs_XB_swipe","runner_runs_XB_snipe","runner_runs_XB_freeze","N_runner_moved_XB","runner_runs_SB2","runner_runs_SB3","simple_stolen_on_running_act_SB2","simple_stolen_on_running_act_SB3","N_runner_moved_SBX"
682998,"Carroll, Corbin","AZ",2025,2025,3.7728898987578154,3.294703945604964,0.47818595315285145,39,3.4146038506850513,0,-0.1198999050800872,26,0.20562940592812678,0.2725565472247247,2.8015584012552757,1.2421986149976865,13
672695,"Perdomo, Geraldo","AZ",2025,2025,3.539667665617482,2.061880285869937,1.4777873797475451,28,2.3525630991589788,0,-0.2906828132890417,19,1.0320967745033691,0.4456906052441762,3.4226148773121863,2.1144192247924147,9
621439,"Buxton, Byron","MIN",2025,2025,3.4177065296351126,1.9922794026535806,1.4254271269815322,27,2.053844060316765,0,-0.06156465766318435,19,1.4630426595123223,-0.03761553253079019,6.587542404671357,-0.3162018688804717,8
682829,"De La Cruz, Elly","CIN",2025,2025,3.222923952564633,2.081870643585263,1.1410533089793697,39,2.3243278922377866,0,-0.24245724865252358,23,1.051786036940917,0.08926727203845296,6.7420900217291955,1.6249150312940701,16
691718,"Crow-Armstrong, Pete","CHC",2025,2025,3.1094272040643958,1.991374247612859,1.118052956451537,43,2.506483606059141,0,-0.5151093584462813,27,1.172283260738154,-0.05423030428661729,8.419947355558852,-0.34129813308571694,16
677951,"Witt Jr., Bobby","KC",2025,2025,2.7619016235079217,2.0608753754713174,0.7010262480366043,47,2.339045033936427,0,-0.2781696584651098,26,0.401971072552622,0.2990551754839824,6.653236347776842,1.2776488188061546,21
678882,"Rafaela, Ceddanne","BOS",2025,2025,2.7145543798206466,1.7824954938979944,0.9320588859226521,26,2.1249290527902973,0,-0.3424335588923029,20,1.0665852318840017,-0.13452634596134963,4.523765302670984,-0.8122809550342696,6
668930,"Turang, Brice","MIL",2025,2025,2.6071059776604573,1.7618161658710703,0.845289811789387,34,1.8875697286849535,0,-0.12575356281388292,18,0.9924537614408334,-0.14716394965144602,5.658573665298265,0.4148621086012217,16
682668,"Acuña, Luisangel","NYM",2025,2025,2.5346769234171234,1.2161798477680412,1.3184970756490821,28,1.6053413081070578,0,-0.3891614603390165,17,1.4395093908595076,-0.12101231521042535,7.471818707578301,-0.6967661151920495,11
681082,"Stott, Bryson","PHI",2025,2025,2.4963833411409775,1.0454906684325813,1.4508926727083964,21,1.2300493717568461,0,-0.184558703324265,13,1.3361545203215979,0.11473815238679821,5.548822209284146,0.47114133982084233,8
694192,"Chourio, Jackson","MIL",2025,2025,2.381504560670367,1.0852308999121216,1.2962736607582455,36,1.705783626043871,0,-0.6205527261317494,25,0.7939122512428958,0.5023614095153496,3.84136965108742,2.3422717192315305,11
660271,"Ohtani, Shohei","LAD",2025,2025,2.3607414586082083,1.7692464187636046,0.5914950398446035,35,2.101727419643074,0,-0.332481000879469,23,0.3344869278657617,0.2570081119788421,3.0413971630235013,1.2113794577615713,12
663656,"Tucker, Kyle","CHC",2025,2025,2.3465646676914327,0.9578423666881202,1.3887223010033123,22,1.3931107400173217,0,-0.43526837332920176,14,0.8911009594941071,0.4976213415092053,3.4445064063576556,2.4092220999070335,8
683002,"Henderson, Gunnar","BAL",2025,2025,2.3012359026871807,1.4054467489054727,0.8957891537817079,26,1.674535101892892,0,-0.26908835298741923,21,0.772513956644468,0.12327519713723999,2.767234237698122,0.4962542077090311,5
670770,"Friedl, TJ","CIN",2025,2025,2.25541383842999,1.6519507247463865,0.6034631136836036,30,1.8985537653051856,0,-0.24660304055879886,22,0.5166141146613991,0.08684899902220472,2.358863888349596,0.3233530618916119,8
665833,"Cruz, Oneil","PIT",2025,2025,2.249082505924112,-0.2760422505929597,2.5251247565170716,35,1.2169621891576103,-0.790439442711484,-0.7025649970390856,18,2.414564971792818,0.11055978472425415,12.073467121686019,0.4398590347428539,17
663538,"Hoerner, Nico","CHC",2025,2025,2.243814631081613,0.7186902514675281,1.525124379614085,31,1.1953056008913487,0,-0.476615349423821,22,1.0199547424086135,0.5051696372054716,3.82854996300503,2.440222600858836,9
687363,"Scott II, Victor","STL",2025,2025,2.230491104793114,0.5013522077403482,1.7291388970527657,30,1.6377842530695383,-0.7640672491238086,-0.3723647962053818,17,1.6371466526219423,0.09199224443082421,8.459823890351046,0.366152684199741,13
808982,"Lee, Jung Hoo","SF",2025,2025,2.1798636516996632,2.3125474187410098,-0.13268376704134652,29,2.4768844905111016,0,-0.16433707177009121,25,0.2172205814224886,-0.3499043484638351,-0.5542473350239154,-0.6798670817825688,4
656716,"McKinstry, Zach","DET",2025,2025,2.1690554953867185,1.9182710319779914,0.2507844634087271,23,2.0292242470958914,0,-0.11095321511789961,21,0.29628801137937033,-0.04550354797064318,0.6451959033283414,-0.29745844271665434,2
671732,"Butler, Lawrence","ATH",2025,2025,2.0657598851229912,1.0092271244684305,1.0565327606545607,27,1.370576814946222,0,-0.36134969047779164,20,0.7428772420207004,0.3136555186338602,2.735574056065824,1.487125270212534,7
687263,"Neto, Zach","LAA",2025,2025,1.8959911612739593,0.9310373724254264,0.9649537888485329,26,1.4258754405376513,0,-0.494838068112225,17,0.6382806634399388,0.32667312540859444,3.5988484676757926,1.5526804348386667,9
680977,"Donovan, Brendan","STL",2025,2025,1.8624092684418574,1.3870816977561569,0.4753275706857006,32,2.2721651975722708,0,-0.8850834998161136,29,0.5480568501335878,-0.07272927944788708,1.062434137063517,-0.47088022917576217,3
802415,"Simpson, Chandler","TB",2025,2025,1.827249389273398,0.6084120236819098,1.2188373655914884,26,1.5393582340577912,-0.8218019495146218,-0.10914426086125971,13,0.6655207412681946,0.5533166243232936,4.9503315655705675,2.6656591199923567,13
680776,"Duran, Jarren","BOS",2025,2025,1.7603165890239068,1.8388403441011685,-0.0785237550772617,42,2.8453611692475422,-0.7605635480376786,-0.24595727710869472,28,0.4685271957880207,-0.5470509508652823,4.600711639267359,-1.6650707280840928,14
690993,"Keith, Colt","DET",2025,2025,1.6817687638998688,1.882526502566341,-0.20075773866647198,18,2.3655095670311184,0,-0.4829830644647772,18,-0.15082471278208734,-0.049933025884384655,-1.5215459365132906,-0.3424789421956169,0
543807,"Springer, George","TOR",2025,2025,1.6677928226057965,0.48882116691256927,1.1789716556932273,27,1.402264413715149,0,-0.9134432468025797,20,1.0499731593405075,0.12899849635271982,4.26034382799014,0.5044020746978338,7
681624,"Pages, Andy","LAD",2025,2025,1.661187799313022,1.1676845801032711,0.4935032192097508,20,2.2557143540025364,-0.7724773400150348,-0.3155524338842302,16,0.5344063352962962,-0.04090311608654531,1.63893507763906,-0.23370089846150216,4
687597,"Beck, Jordan","COL",2025,2025,1.6339841472425314,0.9829808306579477,0.6510033165845835,27,1.5492105915992032,0,-0.566229760941255,20,0.4903239046075587,0.1606794119770246,2.792567892898709,0.6938466256774718,7
691176,"Domínguez, Jasson","NYY",2025,2025,1.5914448685445768,0.7971834557644886,0.7942614127800882,25,1.886214539593378,-0.7506155497747372,-0.3384155340541522,21,0.8248725179890726,-0.030611105208984534,3.0571712981205597,-0.18765492507988515,4
665926,"Giménez, Andrés","TOR",2025,2025,1.577968808050295,0.24862140805699895,1.3293473999932959,21,0.4509535375636521,0,-0.20233212950665316,10,1.264728590821788,0.06461880917150746,6.844097258454511,0.20242662546335588,11
621020,"Swanson, Dansby","CHC",2025,2025,1.5324660449805239,0.52715004243686,1.0053160025436638,18,1.1397117567353001,0,-0.6125617142984399,12,1.0858347272665916,-0.08051872472292777,4.197004932139136,-0.4872805797021761,6
686217,"Frelick, Sal","MIL",2025,2025,1.5130289042234049,0.9476123479752232,0.5654165562481817,22,1.3410724422194122,0,-0.39346009424418904,15,0.4146432730496801,0.15077328319850167,2.072542017622031,0.647412256286614,7
679032,"Rojas, Johan","PHI",2025,2025,1.4822186970586826,0.8532950198350073,0.6289236772236753,16,0.9956901371889181,0,-0.14239511735391067,9,1.109365045588728,-0.4804413683650526,5.162337382489036,-1.21556118160106,7
682928,"Abrams, CJ","WSH",2025,2025,1.4392526436499131,1.5556093582593622,-0.11635671460944913,34,2.7192057036010904,-0.8157321638237213,-0.3478641815180067,27,0.39021472535472773,-0.5065714399641769,1.4889150881773523,-1.4631256779386226,7
645277,"Albies, Ozzie","ATL",2025,2025,1.4334001339665574,1.2919380179547713,0.14146211601178615,22,1.550070310185891,0,-0.25813229223111955,17,0.19777262898847897,-0.056310512976693074,1.0334218591456101,-0.35467769371192565,5
671277,"García Jr., Luis","WSH",2025,2025,1.4159351425124374,0.3620580648474588,1.0538770776649786,25,1.6716826553167345,-0.7615858615812255,-0.5480387288880502,19,1.144526492067647,-0.09064941440266792,4.8591930635049145,-0.5089555046470369,6
656537,"Hill, Derek","MIA",2025,2025,1.3438243202773117,0.3475004673240157,0.9963238529532961,12,0.6018165119384141,0,-0.25431604461439855,7,1.0161146262124068,-0.01979077325911098,4.720800253122459,-0.11529867624034439,5
607208,"Turner, Trea","PHI",2025,2025,1.3434582311131802,0.9926649851916688,0.3507932459215113,27,1.5587016509729592,0,-0.5660366657812899,14,-0.3488503674278818,0.6996436133493931,-0.08006435318806959,3.3781771842526007,13
682657,"Martínez, Angel","CLE",2025,2025,1.3345945223832842,0.6655844166180686,0.6690101057652158,16,0.8386248342096783,0,-0.17304041759160976,12,0.5090396234871891,0.15997048227802685,1.8542551378673946,0.6970986352884727,4
642201,"White, Eli","ATL",2025,2025,1.3141181331296985,0.4585957929535632,0.8555223401761353,25,1.8071299220992985,-0.779484724661318,-0.5690494044844173,20,0.9040475082918416,-0.0485251681157064,3.789289829990171,-0.32881435209912163,5
686668,"Doyle, Brenton","COL",2025,2025,1.3116514787744853,0.20748717207077175,1.1041643067037135,13,0.4154467411241268,0,-0.20795956905335497,7,1.1715314312704659,-0.06736712456675217,4.928442240778356,-0.3928811978016081,6
621438,"Taylor, Tyrone","NYM",2025,2025,1.2624914513059453,0.6137087291388613,0.6487827221670839,22,1.5920416631618983,-0.7923571681639761,-0.1859757658590609,18,0.7276586367881741,-0.07887591462109027,2.8528842386782456,-0.4418487170942516,4
630105,"Cronenworth, Jake","SD",2025,2025,1.2492816530487334,0.9776208236717039,0.27166082937702946,14,1.1472725233666612,0,-0.16965169969495755,12,0.10258831311871158,0.1690725162583179,-0.12997520938883933,0.8186176817768569,2
573262,"Yastrzemski, Mike","SF",2025,2025,1.2370324957792198,1.250100637464122,-0.013068141684902052,24,1.5787397328757393,0,-0.32863909541161734,16,-0.14484868022623698,0.13178053854133479,0.5410679735553684,0.5997153378946218,8
572191,"Taylor, Michael A.","CWS",2025,2025,1.2061620774716904,0.5833009024677891,0.6228611750039014,21,0.6448483638385148,0,-0.061547461370725774,14,0.1025177929950632,0.5203433820088383,1.3514799574081362,2.5715755307455948,7
663604,"Lockridge, Brandon","SD",2025,2025,1.1663808393864783,0.26872125580665107,0.8976595835798273,12,0.30248812848324885,0,-0.03376687267659777,7,0.5448476393130426,0.3528119442667847,2.4768885296898,1.7266867139816051,5
680574,"McLain, Matt","CIN",2025,2025,1.1575914481029874,0.17111916483000084,0.9864722832729865,17,0.8108459151696613,0,-0.6397267503396604,11,1.0338437615863545,-0.047371478313367785,4.267652509034464,-0.4187258278123149,6
666149,"Fitzgerald, Tyler","SF",2025,2025,1.137406018825552,0.8885350121116825,0.24887100671386939,16,1.1426141280383189,0,-0.2540791159266364,11,0.09500488173861223,0.1538661249752573,0.9783929417585789,0.7385693574664561,5
596115,"Story, Trevor","BOS",2025,2025,1.124647022020595,-0.6595937919141883,1.7842408139347834,20,0.7280058998885085,-0.7717190943805631,-0.6158805974221337,10,1.8544764994110137,-0.07023568547623037,8.230071733873665,-0.46513842734723626,10
691026,"Winn, Masyn","STL",2025,2025,1.1020294885796522,1.4849928769966156,-0.38296338841696353,24,1.7644985925831733,0,-0.27950571558655757,19,-0.33999850492053596,-0.04296488349642761,-0.05358967325821354,-0.26366965290430344,5
677347,"Paris, Kyren","LAA",2025,2025,1.0846492110146666,0.48548820630380957,0.599161004710857,17,0.6836905617001493,0,-0.19820235539633968,10,0.6618791262409658,-0.06271812153010882,4.075297396505768,-0.35074593865913883,7
683011,"Volpe, Anthony","NYY",2025,2025,1.0719582716063798,0.4190917300065145,0.6528665415998653,25,1.0258670750740657,0,-0.6067753450675512,17,0.15314030900085962,0.4997262325990058,0.7718370635706588,2.3761651802558434,8
660821,"Sánchez, Jesús","MIA",2025,2025,1.0617186994796548,0.3326518369415986,0.7290668625380562,15,0.9094489689733631,0,-0.5767971320317646,11,0.7717449408684249,-0.04267807833036858,2.7662823928445093,-0.30737869198813766,4
596019,"Lindor, Francisco","NYM",2025,2025,1.0385651296400895,0.8806345573269708,0.15793057231311858,26,1.396569980439019,0,-0.5159354231120483,17,-0.021736856875407422,0.179667429188526,0.7312196687654533,0.7446692497549281,9
696285,"Young, Jacob","WSH",2025,2025,0.9727476666256399,1.426087375954644,-0.453339709329004,14,1.4378549050432217,0,-0.011767529088577526,9,-0.6246504783822575,0.1713107690532534,-1.3574818361612446,0.8349773860616836,5
592885,"Yelich, Christian","MIL",2025,2025,0.9504390952410644,0.5987309637677741,0.3517081314732902,23,1.1863560668688753,0,-0.5876251031011009,17,0.5137704694553045,-0.16206233798201436,1.4681704290982125,0.3530533571562626,6
542932,"Berti, Jon","CHC",2025,2025,0.9353166853950683,0.08494238602835141,0.8503742993667169,12,0.33080392737024955,0,-0.24586154134189817,4,0.5112445381833424,0.3391297611833747,3.4157996198321423,1.647867616620425,8
672356,"Arias, Gabriel","CLE",2025,2025,0.9245819051818158,0.8572373011562999,0.06734460402551587,22,1.134767098285993,0,-0.2775297971296929,21,0.09376131639653179,-0.02641671237101592,-0.6886749250559403,-0.16557158502594968,1
669701,"Smith, Josh","TEX",2025,2025,0.8978469299515197,1.2497880532511643,-0.3519411232996446,17,1.4044330766582214,0,-0.1546450234070575,11,-0.31081147043944607,-0.04112965286019858,-0.014195902755072383,-0.2550155854913994,6
671218,"Ramos, Heliot","SF",2025,2025,0.8652035013435964,0.9941732448271714,-0.12896974348357504,26,1.6792301061935362,0,-0.6850568613663653,22,-0.02650959426444756,-0.10246014921912744,-0.42758475976783256,-0.5739413202463431,4
663647,"Hayes, Ke'Bryan","PIT",2025,2025,0.8633454028267606,0.49495305964251324,0.36839234318424735,17,1.1584405478756217,0,-0.663487488233108,14,0.214335396918922,0.15405694626532526,-0.007009642753720917,0.7167242903046392,3
671739,"Harris II, Michael","ATL",2025,2025,0.8399464947045019,0.6715073027525539,0.168439191951948,22,1.0064729667230827,0,-0.3349656639705287,13,0.24643387401996242,-0.0779946820680145,2.3475448725370414,-0.45316956152669546,9
677594,"Rodríguez, Julio","SEA",2025,2025,0.8080815024637816,0.8522727015453853,-0.04419119908160364,17,1.1512020553935658,0,-0.2989293538481803,13,-0.23574497797201552,0.19155377889041159,-1.0392062735200027,0.7406590486644317,4
671056,"Herrera, Iván","STL",2025,2025,0.7986219582861607,0.8327167973013156,-0.034094839015155,12,1.048129485163037,0,-0.21541268786172146,12,-0.0192533804674973,-0.014841458547657702,-0.5920984116106112,-0.1192762429778615,0
665862,"Chisholm Jr., Jazz","NYY",2025,2025,0.7871082778725107,0.45435036670259704,0.3327579111699136,13,0.5677229321689281,0,-0.11337256546633108,8,0.14204916040512597,0.1907087507647877,1.4433961916050535,0.8913622719457527,5
656305,"Chapman, Matt","SF",2025,2025,0.7739678342459962,1.0015079009470684,-0.2275400667010722,22,1.1488510443113424,0,-0.14734314336427398,15,0.11597142366634167,-0.3435114903674138,0.5351484076331035,-0.5700290477065902,7
696100,"Goodman, Hunter","COL",2025,2025,0.7265198585550245,0.4364565662530456,0.29006329230197897,16,0.9565625952344349,0,-0.5201060289813894,14,0.2822544716443398,0.007808820657639099,0.3597452026688743,-0.18411010749685366,2
677950,"Thomas, Alek","AZ",2025,2025,0.7055678187375628,1.5304790315491774,-0.8249112128116146,18,1.7087319247288932,0,-0.17825289317971574,15,-0.7590099746906969,-0.06590123812091762,-2.2067638430626833,-0.3572479232713593,3
543760,"Semien, Marcus","TEX",2025,2025,0.6596635915044131,0.9670726415065614,-0.3074090500021482,16,1.3372014328895492,0,-0.37012879138298765,13,-0.2102303872347822,-0.09717866276736614,-0.7168270208527247,-0.578099050462306,3
547180,"Harper, Bryce","PHI",2025,2025,0.6411593040578071,0.05161523423223597,0.5895440698255711,26,1.4490813557600557,-0.764338408039316,-0.6331277134885035,22,0.2526123837298238,0.33693168609574736,-0.12211011648881666,1.5594750825714403,4
595879,"Báez, Javier","DET",2025,2025,0.6309783837623004,0.6230942314307981,0.007884152331502327,14,0.9222765024642468,0,-0.29918227103344885,13,0.043539951253557904,-0.03565579892205555,-0.784549871995932,-0.3027926199761433,1
665742,"Soto, Juan","NYM",2025,2025,0.6108772476539964,0.017784409837625276,0.5930928378163711,24,1.0050408704680063,0,-0.987256460630381,19,0.5054907130093421,0.0876021248070292,0.721092055282594,0.3252785382620287,5
642708,"Rosario, Amed","WSH",2025,2025,0.6027611287163588,0.9383871720102719,-0.33562604329391305,15,1.0191163522954862,0,-0.08072918028521439,13,0.1420831873240439,-0.477709230617957,0.1924709338478085,-1.237526536005797,2
665750,"Taveras, Leody","SEA",2025,2025,0.5943828789343274,0.39821735598758196,0.19616552294674544,20,0.7053369768566093,0,-0.30711962086902744,9,0.027914048199983103,0.16825147474676252,3.2347915167093584,0.7978763798429158,11
672640,"Lopez, Otto","MIA",2025,2025,0.5925754716237184,0.3060879098258668,0.2864875617978516,14,0.6942857939526353,0,-0.38819788412676864,12,0.3303302911668612,-0.04384272936900955,0.7902268051840711,-0.2801139962400738,2
677588,"Tena, José","WSH",2025,2025,0.5848799140650748,0.7831125748899475,-0.19823266082487265,18,1.090853272520819,0,-0.30774069763087164,15,-0.5082166559562633,0.30998399513139063,-1.750338439048413,1.4189383236789619,3
669242,"Edman, Tommy","LAD",2025,2025,0.5764577208854115,0.6937106110887985,-0.11725289020338707,14,0.833553392711359,0,-0.13984278162256053,11,-0.08274983016421604,-0.03450306003917103,0.4448112465040087,-0.21889592882699838,3
695578,"Wood, James","WSH",2025,2025,0.5632712891470799,0.20905700058435434,0.3542142885627256,26,0.9053912789949321,0,-0.6963342784105774,17,0.4355960211513845,-0.08138173258865906,2.9330043060034536,-0.5153203004450452,9
666160,"Moniak, Mickey","COL",2025,2025,0.5560812490356005,1.3201691510811384,-0.7640879020455379,18,1.5946341327130793,0,-0.27446498163194083,15,-0.7226875304750171,-0.0414003715705207,-1.6548818491322341,-0.26272662582391015,3
665161,"Peña, Jeremy","HOU",2025,2025,0.48594167957878115,0.6317165828316409,-0.14577490325285974,24,1.6747189405330463,-0.7538748680144569,-0.2891274896869485,20,-0.04537997240578974,-0.10039493084707,-0.27361225094391883,-0.6146809816952671,4
680757,"Kwan, Steven","CLE",2025,2025,0.4809746352136072,-0.2211303244282457,0.7021049596418529,18,0.7006604851564753,0,-0.9217908095847208,13,0.3919609679994402,0.31014399164241263,-0.27106708624415315,1.4385647924757858,5
666969,"García, Adolis","TEX",2025,2025,0.47682095208693426,0.05479160401901031,0.42202934806792397,15,0.3972751554032041,0,-0.3424835513841938,9,0.2759576710241795,0.1460716770437446,1.8366873438488798,0.6364861119183698,6
673357,"Robert Jr., Luis","CWS",2025,2025,0.4664582257240829,-0.7686189532436914,1.2350771789677744,29,0.619492844257407,-0.8991766649060535,-0.48893513259504473,12,1.338751074172571,-0.1036738952047965,9.591402652148435,-0.6182909106247828,17
668227,"Arozarena, Randy","SEA",2025,2025,0.4557537693046847,-1.1660795599891736,1.6218333292938583,25,0.816695055002978,-1.540153513761747,-0.4426211012304045,15,1.3382968221511113,0.283536507142747,5.2905811081171805,1.314418860277097,10
679529,"Torkelson, Spencer","DET",2025,2025,0.4503925399184955,0.4516272303893372,-0.0012346904708417645,19,0.9181026940685556,0,-0.46647546367921827,18,0.08250660231000034,-0.08374129278084216,-0.34140936292118457,-0.5138464926789048,1
667472,"Myers, Dane","MIA",2025,2025,0.4359290401056397,0.4922199294586728,-0.0562908893530331,15,0.6223522742019607,0,-0.1301323447432878,5,-0.011903511405520026,-0.0443873779475131,2.669021711022508,-0.34502067334327957,10
694384,"Schanuel, Nolan","LAA",2025,2025,0.42943218979364983,0.5255259395312906,-0.09609374973764076,18,0.9870910269291534,0,-0.4615650873978629,17,-0.001274693272754781,-0.09481905646488599,-1.612522262763246,-0.6294260832274843,1
572233,"Walker, Christian","HOU",2025,2025,0.42615821791399155,0.17440250704731372,0.25175571086667786,15,0.5583629127676212,0,-0.38396040572030743,13,0.06115475759132202,0.19060095327535587,-0.5666315746906182,0.8330315838765989,2
694671,"Langford, Wyatt","TEX",2025,2025,0.3946564453500042,-0.27449349076449936,0.6691499361145036,25,1.0702096533711247,-0.7677962127315854,-0.5769069314040386,14,0.31879776507536023,0.35035217103914323,2.7311034837332637,1.5687595076059357,11
687401,"Ortiz, Joey","MIL",2025,2025,0.3834298454602033,0.4208338929382256,-0.03740404747802227,13,0.703432556511502,0,-0.2825986635732765,9,-0.025451341384268997,-0.011952706093753332,0.42571086221712223,-0.2777919470274661,4
656775,"Mullins, Cedric","BAL",2025,2025,0.3741952495821078,-0.2810846850399167,0.6552799346220245,19,0.9394706538389661,-0.7653601361232869,-0.455195202755596,12,0.4876660257227293,0.16761390889929512,2.5830886304275236,0.7219224210769905,7
701538,"Merrill, Jackson","SD",2025,2025,0.349739431255498,0.7604962722987549,-0.41075684104325694,13,0.8888485990141048,0,-0.12835232671534993,11,-0.35600706530632303,-0.05474977573693397,-1.3349405505843506,-0.327186964417262,2
669127,"Langeliers, Shea","ATH",2025,2025,0.34693871982984187,0.5055905961111484,-0.15865187628130656,16,0.9727931838903958,0,-0.4672025877792474,12,-0.09431815857556936,-0.06433371770573718,-0.45850793639216464,-0.38592001247780455,4
621043,"Correa, Carlos","MIN",2025,2025,0.33640951395625907,0.46200025972800124,-0.1255907457717422,14,0.918334491969778,0,-0.4563342322417765,14,-0.11220609063170368,-0.013384655140038544,-1.4763410744214185,-0.1853696755777308,0
669224,"Wells, Austin","NYY",2025,2025,0.2933884342006704,0.23129796258512803,0.062090471615542375,13,0.7956946299754323,0,-0.5643966673903043,12,-0.043469653809148086,0.10556012542469045,-1.2353777762654445,0.4426383813003846,1
666152,"Hamilton, David","BOS",2025,2025,0.2919726250781207,0.04709336761934373,0.24487925745877698,13,0.2000324777086468,0,-0.15293911008930308,5,0.5187521984683593,-0.27387294100958226,3.5890515644712218,-0.17499338485295723,8
608070,"Ramírez, José","CLE",2025,2025,0.2851542495732163,0.4960158453767499,-0.21086159580353364,40,1.702257812920785,-0.7791800188600718,-0.4270619486839633,24,-0.49905382603970605,0.28819223023617235,1.2981891825646052,2.4541668380586237,16
672515,"Moreno, Gabriel","AZ",2025,2025,0.28051112626882835,0.6349707338952562,-0.3544596076264278,17,1.3839591818272037,0,-0.7489884479319475,15,-0.30494475734356735,-0.0495148502828604,-1.2090615759902545,-0.2990448080246364,2
656976,"Smith, Pavin","AZ",2025,2025,0.26352493484871914,0.2201147271778911,0.04341020767082802,15,0.7881371150540244,0,-0.5680223878761336,14,0.11224796847343584,-0.06883776080260781,-0.47443667888050195,-0.3961611076135818,1
681393,"Norby, Connor","MIA",2025,2025,0.2616887988479003,0.2834755338992685,-0.02178673505136821,16,0.6075487045894974,0,-0.324073170690229,12,-0.19649884419381244,0.17471210914244428,-0.3323216249210755,0.7733369059333778,4
676609,"Caballero, José","TB",2025,2025,0.26012593566131137,-0.11743617934207194,0.3775621150033833,27,0.8578966487507521,-0.7582397424894494,-0.2170930856033747,11,-0.049081540713298955,0.4266436557166823,2.661951679576191,3.307876897652989,16
681481,"Carpenter, Kerry","DET",2025,2025,0.25076437252986966,0.35876784109583215,-0.10800346856596249,13,1.3159549915550954,0,-0.9571871504592633,13,-0.05421954364975697,-0.05378392491620553,-1.4009087572274064,-0.4528506277699367,0
805779,"Wilson, Jacob","ATH",2025,2025,0.2478496494773716,0.26535328752377035,-0.017503638046398762,18,0.7422546423442176,0,-0.4769013548204472,16,-0.12602756465112627,0.10852392660472752,-1.9091303753497504,0.35778359458996306,2
805367,"Meidroth, Chase","CWS",2025,2025,0.24249042315091074,-0.43485703869356096,0.6773474618444717,18,0.8565824929029123,-0.8002043135478933,-0.49123521804857995,12,0.7690081448863558,-0.09166068304188407,2.65866379157906,-0.5494514187725581,6
664728,"Isbel, Kyle","KC",2025,2025,0.2244471226752518,0.6660175854611374,-0.44157046278588563,14,1.128916263937175,0,-0.46289867847603755,12,-0.3957516634669204,-0.04581879931896527,-1.5502631602670394,-0.28612675992873643,2
605141,"Betts, Mookie","LAD",2025,2025,0.21283410315312634,-0.44089052933559025,0.6537246324887166,20,0.9475965626578036,-0.8330041134881984,-0.5554829785051956,15,0.5492042721868623,0.10452036030185426,1.382052457525695,0.4674198763592243,5
678246,"Vargas, Miguel","CWS",2025,2025,0.21131801648955922,0.4878551624503855,-0.2765371459608263,24,1.5691970250539313,-0.8497807146848377,-0.23156114791870805,24,-0.1378702426000619,-0.13866690336076448,-1.5381318211138322,-0.8386333087613072,0
665487,"Tatis Jr., Fernando","SD",2025,2025,0.20673848880698925,0.10760051182158922,0.09913797698540003,24,1.3808145826322578,-0.7727523591467147,-0.5004617116639539,16,-0.16934500834934652,0.26848298533474657,-1.241262621320062,2.5001116157458063,8
671221,"Waters, Drew","KC",2025,2025,0.20263479209149388,0.27511313242496005,-0.07247834033346616,21,1.3806172668414045,-0.7861199711526856,-0.31938416326375874,17,-0.033551118507582016,-0.038927221825884095,0.393407097125079,-0.24237289141252893,4
807713,"Shaw, Matt","CHC",2025,2025,0.17524086937930347,-0.06852885165095796,0.24376972103026143,14,0.864063862179547,-0.7943720336843187,-0.1382206801461863,12,0.13383955871441083,0.10993016231585052,0.3203962925693273,0.5146926940122205,2
593428,"Bogaerts, Xander","SD",2025,2025,0.1710220842948762,-0.71287211825432,0.8838942025491962,22,0.7576567272762196,-0.9190040973193653,-0.5515247482111741,16,1.0227762875009876,-0.13888208495179125,4.338043076239929,-0.7720104024883991,6
691594,"Sanoja, Javier","MIA",2025,2025,0.17049530673388402,0.7237246330460839,-0.5532293263121999,18,0.8111263982834714,0,-0.08740176523738752,14,-0.5340356639808175,-0.019193662331382488,-0.8946035568515431,-0.11199263257277366,4
650489,"Castro, Willi","MIN",2025,2025,0.16372444571673028,-0.3800313303545986,0.5437557760713289,15,0.7691975515004572,-0.998154183705268,-0.15107469814978786,12,0.3727598193447873,0.17099595672654153,1.2145866754125876,0.7988367597462525,3
666310,"Naylor, Bo","CLE",2025,2025,0.16271106199398763,0.3583279062153889,-0.19561684422140127,14,0.8487495388083214,0,-0.4904216325929324,11,0.10332824746338179,-0.2989450916847831,0.007088624743429944,-0.307031702887162,3
592518,"Machado, Manny","SD",2025,2025,0.1518738692709502,0.0024094578188712384,0.14946441145207895,26,1.3012065889150386,0,-1.2987971310961672,21,-0.10879747327910073,0.2582618847311797,-0.9669656205976775,1.1900561876458424,5
606192,"Hernández, Teoscar","LAD",2025,2025,0.151151588286617,-0.32410208237819327,0.4752536706648103,25,0.9903916461344349,-0.8813758965172418,-0.43311783199538645,21,0.2189107066225596,0.2563429640422507,0.14135597629120317,1.1881253017706879,4
641857,"McMahon, Ryan","COL",2025,2025,0.12202308810599707,0.048354220258513214,0.07366886784748386,13,0.6035792519632482,0,-0.5552250317047351,12,0.10736500731334064,-0.03369613946585676,-0.7201115126765784,-0.24789994432277798,1
596146,"Kepler, Max","PHI",2025,2025,0.11708308162551195,0.280366517675552,-0.16328343605004003,14,0.7901071572631281,0,-0.5097406395875761,14,-0.1192168025066729,-0.04406663354336708,-1.495420943493503,-0.2828158008600519,0
502671,"Goldschmidt, Paul","NYY",2025,2025,0.10922593446457232,-0.2451990736361784,0.3544250081007507,20,0.8732595068107819,0,-1.1184585804469602,17,0.404942204268038,-0.050517196167287254,0.30705683687871155,-0.3912953153395877,3
646240,"Devers, Rafael","BOS",2025,2025,0.08969630651314553,0.28429963846372047,-0.19460333195057494,19,1.0886392678625147,0,-0.8043396293987941,18,-0.018866609310184454,-0.17573672264039047,-2.131481566219131,-1.057429432761555,1
677008,"Kjerstad, Heston","BAL",2025,2025,0.08399825904862931,-0.060244160002116964,0.14424241905074628,13,1.1305671441552876,-0.802969256935934,-0.38784204722147064,12,0.15555764788193957,-0.01131522883119329,0.040798120748503974,-0.08765998098564323,1
680718,"Barger, Addison","TOR",2025,2025,0.0801065775257761,-0.03474079115248665,0.11484736867826274,12,0.4443445253392398,0,-0.4790853164917264,11,0.14289186840444756,-0.028044499726184818,0.3324468809860262,-0.19210209110151763,1
693307,"Dingler, Dillon","DET",2025,2025,0.07721349066794947,0.22022036082700888,-0.1430068701590594,15,0.7270708682943876,0,-0.5068505074673787,15,-0.12933872693717183,-0.01366814322188761,-1.275645452455472,-0.3025253623466235,0
668901,"Vientos, Mark","NYM",2025,2025,0.0688757510038972,0.2373629819156206,-0.1684872309117234,12,0.7302374853791658,0,-0.49287450346354517,12,-0.10801520288133082,-0.060472028030392526,-1.5193064610848248,-0.38084523123581804,0
667670,"Rooker, Brent","ATH",2025,2025,0.03989955912647192,0.31130089990991805,-0.27140134078344613,20,1.0432748795409563,0,-0.7319739796310386,17,-0.21455712988085246,-0.0568442109025936,-1.0960211848037709,-0.32345493719486496,3
670764,"Walls, Taylor","TB",2025,2025,0.038276175888066026,0.06759747502270422,-0.02932129913463819,19,0.9953772480510875,-0.7846656534174886,-0.14311411961089496,12,0.026077925565748915,-0.055399224700387,1.8162478454260564,-0.33152242273166665,7
669289,"Espinal, Santiago","CIN",2025,2025,0.021784371618184195,0.38226127711498803,-0.36047690549680383,17,0.7125235026413228,0,-0.3302622255263348,14,-0.2739472025857267,-0.08652970291107727,-1.258861228365682,-0.5823649563794959,3
664238,"Moore, Dylan","SEA",2025,2025,0.0036789006579406314,-0.04459298028630804,0.04827188094424867,18,0.388836970616527,0,-0.43342995090283504,7,0.1231639127552153,-0.07489203181096678,3.288671562821149,-0.4646706849518563,11
692225,"Campbell, Kristian","BOS",2025,2025,-0.012728666507878517,0.6286030388650978,-0.6413317053729763,21,1.551605206423401,-0.8019651613082042,-0.12103700625009894,17,-0.6024757553874278,-0.03885594998554845,-1.6696133531055433,-0.32597553280036334,4
641487,"Crawford, J.P.","SEA",2025,2025,-0.013465989564258112,0.004703974265330495,-0.018169963829588607,13,0.6008163911879872,0,-0.5961124169226567,11,0.09429338444618919,-0.11246334827577781,-1.179043156889707,-0.6684857688525987,2
670623,"Paredes, Isaac","HOU",2025,2025,-0.04436298204179809,0.13584755984738228,-0.18021054188918037,17,1.180075000556094,0,-1.0442274407087122,17,-0.11941963940661782,-0.06079090248256255,-2.232676122603624,-0.42026000095743143,0
686611,"Crews, Dylan","WSH",2025,2025,-0.0519709226277022,0.5022939794389446,-0.5542649020666468,19,0.6869494610255225,0,-0.1846554815865778,8,-0.9087924629084139,0.35452756084176695,-0.3182969692520452,1.7294735365156417,11
663457,"Nootbaar, Lars","STL",2025,2025,-0.0638393126796517,-0.25630474307931567,0.19246543039966396,26,1.5658031233783698,-0.8204645385810354,-1.00164332787665,20,0.17546593058768886,0.0169994998119752,0.17567404847773377,-0.09144571125871623,6
664761,"Bohm, Alec","PHI",2025,2025,-0.11187978234678983,0.07655602456221267,-0.1884358069090025,16,1.0458704215923929,0,-0.9693143970301801,16,-0.09995206687764643,-0.08848374003135596,-1.6194620858042228,-0.5342558766057077,0
700250,"Rice, Ben","NYY",2025,2025,-0.12087490270576029,0.08939051988168967,-0.21026542258744996,15,0.6415089525368363,0,-0.5521184326551467,12,-0.30134719792756576,0.09108177534011565,-1.1354136430168558,0.30867161471015114,3
669397,"Allen, Nick","ATL",2025,2025,-0.1227723666461622,0.278366633132725,-0.40113899977888723,17,0.7477287723479039,0,-0.4693621392151789,8,-0.36329480973390627,-0.03784419004498098,0.952737621026514,-0.31419302763060036,9
571448,"Arenado, Nolan","STL",2025,2025,-0.15531302487325183,0.40933443094141153,-0.5646474558146634,17,0.7800761229574553,0,-0.3707416920160439,16,-0.5322284233040311,-0.0324190325106323,-2.2985960462999184,-0.2710848165835168,1
642715,"Adames, Willy","SF",2025,2025,-0.16977593509024913,0.5342145097046852,-0.7039904447949343,24,1.702369985925598,-0.7842992639108107,-0.3838562123101021,20,-0.6359270553389462,-0.06806338945598821,-2.0813163582139036,-0.40032076280871814,4
621493,"Ward, Taylor","LAA",2025,2025,-0.17122795055675866,0.5267928113945561,-0.6980207619513148,16,1.13768086133538,0,-0.6108880499408238,15,-0.6346613488572491,-0.06335941309406581,-2.8410038928201407,-0.4090754365461443,1
575929,"Contreras, Willson","STL",2025,2025,-0.17652698019982743,-0.62254448357932,0.4460175033794926,21,0.8746298040466817,-0.8373791563710691,-0.6597951312549327,18,0.28686365461671237,0.1591538487627801,-0.07369107574005554,0.7299619243874685,3
666624,"Morel, Christopher","TB",2025,2025,-0.18764188976806542,0.21051519678064792,-0.39815708654871335,13,0.524166315936691,0,-0.3136511191560433,8,0.07976313630497725,-0.4779202228536907,0.9325320527146881,-1.192301699563235,5
668709,"Bleday, JJ","ATH",2025,2025,-0.21190281357719243,0.7825356827178437,-0.9944384962950361,20,1.0588106667914097,0,-0.27627498407356604,17,-0.9075196381192467,-0.08691885817578936,-2.8312486931374297,-0.5262106705045264,3
669065,"Stowers, Kyle","MIA",2025,2025,-0.21400739068350572,-0.14674217282702146,-0.06726521785648427,17,0.6861178830074115,0,-0.8328600558344329,13,-0.20537390510686682,0.1381086872503824,-0.9269638317391665,0.6346633752618829,4
673237,"Diaz, Yainer","HOU",2025,2025,-0.25435303827613825,0.3567913729791086,-0.6111444112552469,14,0.6922013086943234,0,-0.3354099357152145,13,-0.5698764760425677,-0.041267935212679165,-2.7672566886502534,-0.25017033350323487,1
663616,"Larnach, Trevor","MIN",2025,2025,-0.2718382887169526,0.1991759667196084,-0.471014255436561,19,0.8719911745301352,0,-0.6728152078105265,17,-0.38343403084922545,-0.08758022458733551,-1.6218036688987552,-0.5580436363120026,2
676391,"Clement, Ernie","TOR",2025,2025,-0.28185654196594867,0.6337259774422878,-0.9155825194082364,15,0.7316659196689129,0,-0.09793994222662515,12,-0.8595405589398885,-0.05604196046834772,-2.459750252079674,-0.4324745617010927,3
691406,"Caminero, Junior","TB",2025,2025,-0.2936881217543867,-0.5939037897532619,0.30021566799887517,12,0.7395430371438849,-0.8398336393784542,-0.4936131875186928,10,0.3329465338031193,-0.03273086580424403,0.7960342434425614,-0.22261345734280644,2
665828,"Cabrera, Oswaldo","NYY",2025,2025,-0.31552350163301024,0.30731189125333125,-0.6228353928863415,13,0.8866617768019486,0,-0.5793498855486172,12,-0.5875173340931813,-0.03531805879316015,-2.4585739788393015,-0.2525492951468959,1
661388,"Contreras, William","MIL",2025,2025,-0.32407452524112795,-0.76852915081815,0.44445462557702203,21,0.6446267524920769,-0.852193141581102,-0.5609627617291248,18,0.31928874270524776,0.12516588287177433,0.03686053786639792,0.46324718724498465,3
668715,"Steer, Spencer","CIN",2025,2025,-0.32818973297759607,-0.6937684380761475,0.36557870509855145,13,0.6780116174196547,-0.8153910153689615,-0.5563890401268405,10,0.41997276545612816,-0.05439406035757676,0.9503896135396033,-0.38327465359367285,3
691016,"Soderstrom, Tyler","ATH",2025,2025,-0.3332717124149136,-0.5415955620084231,0.20832384959350944,22,1.0196476805983254,-0.7836044013329779,-0.7776388412737706,19,0.286649488058606,-0.07832563846509666,0.24285561006554585,-0.4508803134048836,3
663586,"Riley, Austin","ATL",2025,2025,-0.37779963666565647,-0.46658413822746014,0.08878450156180367,22,1.168663821624683,-0.7686063180601354,-0.8666416417920078,20,0.17682891110222407,-0.08804440954042016,-0.5402719239688951,-0.5642702148230095,2
624585,"Soler, Jorge","LAA",2025,2025,-0.3810897981159088,-0.21584125260144105,-0.1652485455144678,12,0.36072802221475403,0,-0.576569274816195,12,-0.12223596127114564,-0.04301258424332214,-1.6708011388248445,-0.25031282231789365,0
701358,"Smith, Cam","HOU",2025,2025,-0.3901918880572327,0.15398566661130142,-0.5441775546685341,15,0.8981182571064096,0,-0.7441325904951083,14,-0.49998147606924365,-0.044196078599290506,-1.9134960581556661,-0.3060757110936549,1
650490,"Díaz, Yandy","TB",2025,2025,-0.4087629351603443,0.0029908826001638217,-0.4117538177605081,13,0.2904685182457145,0,-0.2874776356455508,13,-0.28721649722627385,-0.12453732053423423,-2.9623256076158744,-0.732359297225455,0
670224,"Misner, Kameron","TB",2025,2025,-0.42048971851227845,-1.1198202419963263,0.6993305234840479,21,0.6098839271286267,-1.679140993315943,-0.050563175809010354,17,0.5588534004942541,0.1404771229897937,2.1881493038224438,0.6642886732886313,4
518692,"Freeman, Freddie","LAD",2025,2025,-0.43621917235111496,0.13808586414008192,-0.5743050364911969,22,1.2022417923340905,-0.7516706785993422,-0.3124852495946664,20,-0.4996195124063094,-0.07468552408488753,-2.116340677084769,-0.4239245770353335,2
677800,"Abreu, Wilyer","BOS",2025,2025,-0.44922990546317365,-0.35531223335667794,-0.09391767210649572,14,0.6005402364996263,0,-0.9558524698563043,10,-0.011882414751578724,-0.082035257354917,0.3266111343123408,-0.521297487887959,4
641355,"Bellinger, Cody","NYY",2025,2025,-0.4603612920413501,-0.2099359343820001,-0.25042535765935003,22,1.6672335792691573,-0.865779148695407,-1.0113903649557505,16,-0.2178976003604125,-0.032527757298937435,0.3771913061278465,-0.23867208038310955,6
656555,"Hoskins, Rhys","MIL",2025,2025,-0.48108383947333877,-0.49811322499785676,0.01702938552451799,12,0.35875451268693287,0,-0.8568677376847899,11,0.04607743182158032,-0.029048046297062296,-0.8917150986129476,-0.2024817632304822,1
682985,"Greene, Riley","DET",2025,2025,-0.4993146031832791,-0.050334330438003325,-0.44898027274527574,18,1.0676585247189332,-0.7654453089273897,-0.35254754622954665,16,-0.38998850011881886,-0.05899177262645684,-1.6990454227388372,-0.40120208024501336,2
669257,"Smith, Will","LAD",2025,2025,-0.5181462407253511,-0.09420977055236096,-0.42393647017299013,15,0.4112460042247681,0,-0.5054557747771289,12,-0.24253202602438165,-0.18140444414860835,-1.4686237409132699,-0.9805278895369096,3
676694,"Meyers, Jake","HOU",2025,2025,-0.5204613532272034,0.5857153362449313,-1.1061766894721348,25,1.177657058048635,0,-0.5919417218037034,16,-0.7918972307656316,-0.3142794587065033,-1.5149703532971772,-0.48671338173832934,9
680474,"Schuemann, Max","ATH",2025,2025,-0.5381968015322323,-0.26050012092276603,-0.2776966806094662,12,0.5677674127384291,-0.7518503592510711,-0.07641717441012409,9,-0.20559240361494593,-0.07210427699452025,-0.3502204689644589,-0.39252129936780467,3
606466,"Marte, Ketel","AZ",2025,2025,-0.5389885356155067,-0.01224015405063418,-0.5267483815648726,13,0.6931510000639021,0,-0.7053911541145362,12,-0.47504041900217175,-0.05170796256270072,-1.9758033794412218,-0.30377897335157117,1
647304,"Naylor, Josh","AZ",2025,2025,-0.5525303542117732,-1.1020172652529951,0.5494869110412219,21,0.21272122241773214,0,-1.3147384876707275,14,0.3076706407518267,0.24181627028939515,1.3191525096758254,1.1066867290705107,7
669911,"Toglia, Michael","COL",2025,2025,-0.633458788196207,-0.7908584165724094,0.1573996283762024,14,0.9614919469576968,-0.8198585665400404,-0.9324917969900658,12,0.21597024085542477,-0.05857061247922234,0.05835945188483674,-0.36944208422394764,2
592663,"Realmuto, J.T.","PHI",2025,2025,-0.6658315655023148,-0.6083787412873093,-0.05745282421500554,16,1.0757017870370826,-0.8027812809348381,-0.8812992473895541,12,0.05298082002140425,-0.11043364423640978,0.4356801208351748,-0.6274636032460706,4
664056,"Bader, Harrison","MIN",2025,2025,-0.6958952629623762,0.4111590734916179,-1.1070543364539942,23,0.95583238906081,0,-0.544673315569192,15,-1.0407653636592726,-0.06628897279472212,-1.1180745701373005,-0.45914296262078447,8
643396,"Kiner-Falefa, Isiah","PIT",2025,2025,-0.7213540648839084,-0.18360467904726271,-0.5377493858366457,17,0.8608282290625566,-0.7888780437634746,-0.255554864346345,12,-0.4381323420142598,-0.09961704382238573,-0.9209857248108246,-0.5775966714480935,5
650402,"Torres, Gleyber","DET",2025,2025,-0.7295834150671301,-1.009623639787348,0.28004022472021783,21,0.9405744181413863,-1.701986375413437,-0.24821168251529724,18,0.13956221478044,0.1404780099397778,-0.5336344184358142,0.6475393053908792,3
700242,"Sweeney, Trey","DET",2025,2025,-0.7810448904837808,-0.5192393593279576,-0.2618055311558232,22,1.0914014660347648,-0.7942546547997852,-0.8163861705629374,19,-0.18940156781175058,-0.07240396334407267,-1.0064290031346095,-0.4416666770531755,3
668939,"Rutschman, Adley","BAL",2025,2025,-0.8548350079111461,-0.6265620732333026,-0.22827293467784351,13,0.5063800625671646,0,-1.1329421358004672,13,-0.172712913313914,-0.05556002136392948,-2.279645327707851,-0.39633922968876056,0
663697,"India, Jonathan","KC",2025,2025,-0.8931681310604349,0.3347635835839427,-1.2279317146443776,20,0.8616778109478702,0,-0.5269142273639276,18,-1.1665251446693636,-0.06140656997501382,-4.588348149212042,-0.45004630355004355,2
650333,"Arraez, Luis","SD",2025,2025,-0.9100063420413885,-0.9799674676058854,0.06996112556449681,20,1.400801916636019,-1.7607705561571998,-0.6199988280847044,19,-0.06908399087234544,0.13904511643684225,-1.2653350726375656,0.6547252484993548,1
673962,"Jung, Josh","TEX",2025,2025,-0.9281257609608111,-0.38904074593198773,-0.5390850150288233,13,0.6842631052812806,-0.8424156867664607,-0.23088816444680746,11,-0.44700865493751696,-0.09207636009130599,-1.9982626064018225,-0.5349490122124932,2
668804,"Reynolds, Bryan","PIT",2025,2025,-0.9330906485159426,0.17103129010077278,-1.1041219386167154,13,0.7135988698712662,0,-0.5425675797704933,11,-1.0451976851233675,-0.05892425349334754,-3.7291645425835527,-0.40686750451445186,2
666158,"Lux, Gavin","CIN",2025,2025,-0.9351904899073533,-0.6015327599481369,-0.33365772995921633,23,1.567752139127229,-1.621617873060748,-0.5476670260146178,23,-0.2337289848380115,-0.0999287451212048,-2.4686410151899776,-0.6098039965748581,0
702616,"Holliday, Jackson","BAL",2025,2025,-0.9483150417184304,0.5671747971459419,-1.5154898388643723,23,1.0918944247557982,0,-0.5247196276098564,17,-1.5013410700126528,-0.014148768851719564,-3.706479524169171,-0.28260169479970604,6
669364,"Edwards, Xavier","MIA",2025,2025,-0.9603037006986135,-0.48886984160137237,-0.47143385909724117,27,0.8547438283776063,-0.7745157088157902,-0.5690979611631883,12,0.06040703956196005,-0.5318408986592013,3.639297355760502,-1.545191373870058,15
657077,"Verdugo, Alex","ATL",2025,2025,-1.0657194455487573,-1.0657771724991232,0.000057726950365885946,23,0.8012609682498022,-1.626879748824857,-0.24015839192406843,22,0.0326024191094154,-0.03254469215904952,-0.41899818510336706,-0.24879187433897523,1
683737,"Busch, Michael","CHC",2025,2025,-1.0859296033040902,-1.5066396934359567,0.4207100901318665,22,1.1732388590618794,-1.6199462733132783,-1.0599322791845576,19,0.5227106824123915,-0.102000592280525,1.6252893987445791,-0.6248170200302026,3
656811,"O'Hearn, Ryan","BAL",2025,2025,-1.1262815477363666,-0.3957537546012029,-0.7305277931351636,12,0.6734089027874953,0,-1.0691626573886983,9,-0.32619911564182696,-0.4043286774933366,-1.4290751486885838,-1.15696038433165,3
672580,"Garcia, Maikel","KC",2025,2025,-1.129257570913273,0.41123407493768593,-1.540491645850959,42,1.4455190342872037,-0.7638849013375655,-0.2704000580119524,26,-1.8130692855337658,0.27257763968280674,-2.6903590551703265,2.4948180562529276,16
664023,"Happ, Ian","CHC",2025,2025,-1.2626592410518749,-0.8473701528197006,-0.4152890882321743,25,1.2836407647718244,-0.7827487334711096,-1.3482621841204152,22,-0.4595483259771842,0.04425923774500988,-3.296441453685075,0.10141461312567746,3
682663,"Ramírez, Agustín","MIA",2025,2025,-1.26766842764417,-1.3493826750910831,0.08171424744691293,16,0.5771887783327645,-1.6990192892340215,-0.2275521641898265,15,-0.08923009921621197,0.17094434666312489,-0.7800542371618132,0.7337011245983611,1
650859,"Rengifo, Luis","LAA",2025,2025,-1.2909190992286241,0.43662583070357064,-1.7275449299321948,13,0.7763375053401008,0,-0.33971167463653007,8,-1.909507612948102,0.18196268301590718,-5.637200344646417,0.8172092620813999,5
673548,"Suzuki, Seiya","CHC",2025,2025,-1.3008620588259103,-0.3641388655051205,-0.9367231933207898,26,0.5921635928942163,0,-0.9563024583993366,23,-0.8786705308329532,-0.058052662487836706,-2.7383658402259483,-0.33372285097851423,3
592450,"Judge, Aaron","NYY",2025,2025,-1.3893473554261935,-1.7591621981761782,0.3698148427499848,26,0.7083062153705484,-0.7528327255387364,-1.7146356880079907,23,0.41064121800987696,-0.04082637525989225,0.4492692259248184,-0.31785366943322535,3
514888,"Altuve, Jose","HOU",2025,2025,-1.4828451781176646,-0.25170844955792665,-1.2311367285597379,23,1.3639122209417613,-0.9858326863303255,-0.6297879841693619,19,-1.1806212290146738,-0.05051549954506457,-3.4358608708519065,-0.3051252617893732,4
676572,"Wagaman, Eric","MIA",2025,2025,-1.5168508766186297,-1.02023094697723,-0.4966199296413998,14,0.5223329858009327,-0.8915938221607658,-0.6509701106173971,12,-0.6048562721641757,0.10823634252277582,-2.7738102532466695,0.4072797552718481,2
678662,"Tovar, Ezequiel","COL",2025,2025,-1.5265139009549946,-0.4258782866325962,-1.1006356143223983,20,0.6355080577045688,-0.7675529764134146,-0.29383336792375037,15,-0.7791856024570275,-0.3214500118653708,-2.2790631032705932,-0.4177211088117934,5
665489,"Guerrero Jr., Vladimir","TOR",2025,2025,-1.5326174703074404,-0.7474229414500673,-0.7851945288573732,20,1.203965988043063,-0.9603782498665301,-0.9910106796266006,19,-0.6987148521455179,-0.08647967671185525,-4.114335461017939,-0.6047347803822831,1
624424,"Conforto, Michael","LAD",2025,2025,-1.5472516627495836,-1.0736039056376256,-0.473647757111958,12,0.4315421468445946,-0.7749926991149203,-0.7301533533673004,12,-0.3144775758841099,-0.15917018122784815,-2.978483869800131,-0.9040329774001276,0
686469,"Pasquantino, Vinnie","KC",2025,2025,-1.5504472088593415,-1.582791044312103,0.03234383545276151,14,0.3504183909222069,-0.9015291749613052,-1.0316802602730049,13,0.1313135534401556,-0.09896971798739414,0.0014866273436190819,-0.5638759954973193,1
624431,"Trevino, Jose","CIN",2025,2025,-1.5543182246515361,-1.4202186528279306,-0.1340995718236055,14,0.23204116814199643,-0.9130621359831704,-0.7391976849867566,14,-0.13559109640868297,0.0014915245850774853,-1.2258625455308731,-0.19555982551040132,0
666182,"Bichette, Bo","TOR",2025,2025,-1.5574905759320454,-0.5186582249366836,-1.0388323509953619,28,0.6300622380943353,0,-1.1487204630310188,21,-0.4361872248296831,-0.6026451261656787,-1.3579931608248414,-2.04596523726841,7
656941,"Schwarber, Kyle","PHI",2025,2025,-1.6196134462397778,-1.03920279616394,-0.5804106500758378,14,0.9353997402871259,-0.9587202620189552,-1.0158822744321103,13,-0.5387209923198101,-0.0416896577560275,-2.8101103960198475,-0.24753802753847817,1
663624,"Mountcastle, Ryan","BAL",2025,2025,-1.6271650005070173,-1.3875887584112279,-0.23957624209578948,15,0.6082317439087549,-0.9345968913262898,-1.0612236109936934,15,-0.17557878650030156,-0.06399745559548783,-1.8649676889779279,-0.5109512926322659,0
663728,"Raleigh, Cal","SEA",2025,2025,-1.6425282603815876,-1.805507386020353,0.16297912563876543,19,0.7799743684798226,-1.61464968123903,-0.9708320732611451,14,-0.20592309806399772,0.3689022237027631,-0.9095630006000587,1.5301981419783615,5
669743,"Call, Alex","WSH",2025,2025,-1.6617147051577106,-1.223667059304317,-0.4380476458533935,18,0.833575530680942,-1.772726946092074,-0.2845156438931852,16,-0.3921486929637785,-0.045898952889615076,-1.9464749975729823,-0.2642694943170445,2
664034,"France, Ty","MIN",2025,2025,-1.6696841781785239,-1.7453584492912169,0.07567427111269291,16,0.6060594261246168,-1.5822579810694823,-0.7691598943463509,15,0.2010918531539935,-0.12541758204130055,-0.13892992813237798,-0.7401827719294272,1
592206,"Castellanos, Nick","PHI",2025,2025,-1.6920786303505324,-1.5408528566579898,-0.15122577369254256,18,0.8941100140606558,-1.6114082427699312,-0.8235546279487145,17,-0.01033042732268119,-0.14089534636986148,-1.47166949608622,-0.7992548010971315,1
624413,"Alonso, Pete","NYM",2025,2025,-1.860196435455422,-1.531708070787168,-0.3284883646682539,20,1.048474353564439,-1.773922600766329,-0.8062598235852776,20,-0.18386172118471453,-0.14462664348353937,-2.2036918508356993,-0.8109020875449682,0
467793,"Santana, Carlos","CLE",2025,2025,-1.8662791146495727,-1.8173058824913133,-0.048973232158259404,14,0.6020485192749572,-1.7020391421054324,-0.7173152596608382,13,-0.01947576898742992,-0.029497463170829494,-1.3818414506203003,-0.20590066051742387,1
624428,"Frazier, Adam","PIT",2025,2025,-1.8664968859675302,-1.1157681582470773,-0.7507287277204528,21,1.1998790710810177,-1.6606960684309882,-0.6549511608971067,14,-0.8947232005081367,0.14399447278768363,-1.5859390220442338,0.6554129417836825,7
666134,"Jones, Nolan","CLE",2025,2025,-1.8733777885876421,-1.033247895245866,-0.8401298933417762,12,0.1699845000958667,-0.8278187739146138,-0.3754136214271186,9,-0.8113353565431712,-0.028794536798604903,-2.2024346141994213,-0.2047263622958143,3
608324,"Bregman, Alex","BOS",2025,2025,-2.079696135929039,-1.1342605763515172,-0.9454355595775218,19,0.39844052597600454,-0.907319959424161,-0.6253811429033609,16,-0.8751066597899072,-0.07032889978761458,-2.7845508765814317,-0.4850479672911688,3
553993,"Suárez, Eugenio","AZ",2025,2025,-2.4134834565020555,-2.220248409640175,-0.19323504686188045,19,0.7024218259645231,-2.570680952484858,-0.35198928311984,19,-0.11416795091404351,-0.07906709594783697,-1.759397284758188,-0.44131778804925575,0
666018,"Aranda, Jonathan","TB",2025,2025,-2.630335319916277,-2.4066745375721275,-0.22366078234414963,14,0.47007196751716107,-1.7918914916176223,-1.0848550134716666,14,-0.1812597021343048,-0.04240108020984482,-2.3318631631034696,-0.34252584231696315,0
521692,"Perez, Salvador","KC",2025,2025,-2.7060887567826857,-2.5261952163691843,-0.17989354041350142,16,0.4458053491256814,-0.9665642375526317,-2.0054363279422334,16,-0.08964879920390903,-0.09024474120959239,-1.2563451582144085,-0.620020726138388,0