"id","name","bbe","gb_rate","air_rate","fb_rate","ld_rate","pu_rate","pull_rate","straight_rate","oppo_rate","pull_gb_rate","straight_gb_rate","oppo_gb_rate","pull_air_rate","straight_air_rate","oppo_air_rate"
660271,"Ohtani, Shohei",159,0.39622641509433965,0.6037735849056604,0.3522012578616352,0.22012578616352202,0.031446540880503145,0.5157232704402516,0.2893081761006289,0.1949685534591195,0.2830188679245283,0.0880503144654088,0.025157232704402517,0.23270440251572327,0.20125786163522014,0.169811320754717
571970,"Muncy, Max",120,0.35,0.6500000000000001,0.38333333333333336,0.21666666666666667,0.05,0.48333333333333334,0.35,0.16666666666666666,0.23333333333333334,0.10833333333333334,0.008333333333333333,0.25,0.24166666666666664,0.15833333333333333
624424,"Conforto, Michael",106,0.44339622641509435,0.5566037735849056,0.3018867924528302,0.22641509433962265,0.02830188679245283,0.3490566037735849,0.41509433962264153,0.2358490566037736,0.19811320754716982,0.20754716981132076,0.03773584905660377,0.15094339622641506,0.20754716981132076,0.19811320754716982
606192,"Hernández, Teoscar",131,0.3969465648854962,0.6030534351145038,0.2748091603053435,0.2824427480916031,0.04580152671755725,0.3893129770992366,0.31297709923664124,0.29770992366412213,0.20610687022900764,0.1297709923664122,0.061068702290076333,0.18320610687022898,0.18320610687022904,0.2366412213740458
571771,"Hernández, Enrique",84,0.4166666666666667,0.5833333333333334,0.27380952380952384,0.21428571428571427,0.09523809523809523,0.5,0.3333333333333333,0.16666666666666666,0.23809523809523808,0.14285714285714285,0.03571428571428571,0.2619047619047619,0.19047619047619047,0.13095238095238093
669242,"Edman, Tommy",122,0.3770491803278688,0.6229508196721312,0.28688524590163933,0.26229508196721313,0.07377049180327869,0.45901639344262296,0.3114754098360656,0.22950819672131148,0.22950819672131148,0.09836065573770492,0.04918032786885246,0.22950819672131148,0.21311475409836067,0.18032786885245902
669257,"Smith, Will",115,0.3130434782608696,0.6869565217391305,0.3826086956521739,0.25217391304347825,0.05217391304347826,0.30434782608695654,0.3565217391304348,0.3391304347826087,0.1391304347826087,0.11304347826086956,0.06086956521739131,0.16521739130434784,0.2434782608695652,0.2782608695652174
681624,"Pages, Andy",158,0.34810126582278483,0.6518987341772151,0.33544303797468356,0.2848101265822785,0.03164556962025317,0.4240506329113924,0.35443037974683544,0.22151898734177214,0.23417721518987342,0.08860759493670886,0.02531645569620253,0.18987341772151897,0.26582278481012656,0.1962025316455696
683737,"Busch, Michael",125,0.392,0.608,0.384,0.208,0.016,0.464,0.312,0.224,0.24,0.096,0.056,0.22400000000000003,0.216,0.168
663656,"Tucker, Kyle",191,0.2879581151832461,0.7120418848167539,0.3612565445026178,0.2774869109947644,0.07329842931937172,0.4607329842931937,0.3089005235602094,0.23036649214659685,0.16753926701570682,0.08376963350785341,0.03664921465968586,0.2931937172774869,0.225130890052356,0.19371727748691098
673548,"Suzuki, Seiya",154,0.3116883116883117,0.6883116883116883,0.2987012987012987,0.33766233766233766,0.05194805194805195,0.474025974025974,0.36363636363636365,0.16233766233766234,0.21428571428571427,0.07792207792207792,0.01948051948051948,0.2597402597402597,0.2857142857142857,0.14285714285714285
664023,"Happ, Ian",151,0.3509933774834437,0.6490066225165563,0.26490066225165565,0.2980132450331126,0.08609271523178808,0.3841059602649007,0.33112582781456956,0.2847682119205298,0.19205298013245034,0.1456953642384106,0.013245033112582781,0.19205298013245034,0.18543046357615897,0.271523178807947
691718,"Crow-Armstrong, Pete",170,0.2823529411764706,0.7176470588235294,0.37058823529411766,0.2235294117647059,0.12352941176470589,0.4294117647058823,0.3176470588235294,0.2529411764705882,0.14705882352941177,0.11176470588235295,0.023529411764705882,0.2823529411764706,0.20588235294117646,0.22941176470588234
621020,"Swanson, Dansby",159,0.4339622641509434,0.5660377358490566,0.2830188679245283,0.20125786163522014,0.08176100628930817,0.4088050314465409,0.4025157232704403,0.18867924528301888,0.2641509433962264,0.15723270440251572,0.012578616352201259,0.1446540880503145,0.24528301886792456,0.17610062893081763
608348,"Kelly, Carson",94,0.425531914893617,0.574468085106383,0.30851063829787234,0.18085106382978725,0.0851063829787234,0.43617021276595747,0.35106382978723405,0.2127659574468085,0.2127659574468085,0.1595744680851064,0.05319148936170213,0.22340425531914895,0.19148936170212766,0.1595744680851064
671277,"García Jr., Luis",157,0.4585987261146497,0.5414012738853503,0.267515923566879,0.24203821656050956,0.03184713375796178,0.36942675159235666,0.4394904458598726,0.1910828025477707,0.21656050955414013,0.18471337579617833,0.05732484076433121,0.15286624203821653,0.2547770700636943,0.13375796178343952
677588,"Tena, José",87,0.6206896551724138,0.3793103448275862,0.11494252873563218,0.26436781609195403,0,0.2413793103448276,0.40229885057471265,0.3563218390804598,0.1724137931034483,0.2988505747126437,0.14942528735632185,0.06896551724137931,0.10344827586206895,0.20689655172413793
695578,"Wood, James",149,0.5234899328859061,0.47651006711409394,0.2550335570469799,0.2080536912751678,0.013422818791946308,0.31543624161073824,0.37583892617449666,0.3087248322147651,0.2348993288590604,0.19463087248322147,0.09395973154362416,0.08053691275167785,0.18120805369127518,0.21476510067114093
682928,"Abrams, CJ",141,0.3829787234042553,0.6170212765957447,0.2695035460992908,0.2695035460992908,0.07801418439716312,0.425531914893617,0.3404255319148936,0.23404255319148937,0.20567375886524822,0.1276595744680851,0.04964539007092199,0.2198581560283688,0.2127659574468085,0.18439716312056736
663993,"Lowe, Nathaniel",153,0.40522875816993464,0.5947712418300652,0.23529411764705882,0.2875816993464052,0.0718954248366013,0.30718954248366015,0.35947712418300654,0.3333333333333333,0.1503267973856209,0.1830065359477124,0.0718954248366013,0.15686274509803924,0.17647058823529413,0.261437908496732
605137,"Bell, Josh",125,0.456,0.544,0.272,0.192,0.08,0.48,0.256,0.264,0.288,0.112,0.056,0.192,0.14400000000000002,0.20800000000000002
665833,"Cruz, Oneil",112,0.42857142857142855,0.5714285714285715,0.2767857142857143,0.24107142857142858,0.05357142857142857,0.4375,0.39285714285714285,0.16964285714285715,0.25,0.13392857142857142,0.044642857142857144,0.1875,0.2589285714285714,0.125
668804,"Reynolds, Bryan",158,0.4936708860759494,0.5063291139240507,0.26582278481012656,0.24050632911392406,0,0.3860759493670886,0.36075949367088606,0.25316455696202533,0.25316455696202533,0.15822784810126583,0.08227848101265822,0.13291139240506328,0.20253164556962022,0.1708860759493671
457705,"McCutchen, Andrew",133,0.49624060150375937,0.5037593984962405,0.23308270676691728,0.17293233082706766,0.09774436090225563,0.45864661654135336,0.3383458646616541,0.20300751879699247,0.3007518796992481,0.14285714285714285,0.05263157894736842,0.15789473684210525,0.19548872180451127,0.15037593984962405
643396,"Kiner-Falefa, Isiah",132,0.5378787878787878,0.4621212121212121,0.15151515151515152,0.26515151515151514,0.045454545454545456,0.32575757575757575,0.3939393939393939,0.2803030303030303,0.2196969696969697,0.24242424242424243,0.07575757575757576,0.10606060606060605,0.1515151515151515,0.20454545454545453
663647,"Hayes, Ke'Bryan",159,0.48427672955974843,0.5157232704402516,0.18867924528301888,0.2389937106918239,0.0880503144654088,0.2893081761006289,0.3836477987421384,0.3270440251572327,0.20754716981132076,0.1949685534591195,0.08176100628930817,0.08176100628930816,0.18867924528301888,0.24528301886792453
502054,"Pham, Tommy",95,0.5473684210526316,0.4526315789473684,0.14736842105263157,0.23157894736842105,0.07368421052631578,0.45263157894736844,0.24210526315789474,0.30526315789473685,0.3368421052631579,0.14736842105263157,0.06315789473684211,0.11578947368421055,0.09473684210526317,0.24210526315789474
624428,"Frazier, Adam",132,0.4015151515151515,0.5984848484848484,0.26515151515151514,0.26515151515151514,0.06818181818181818,0.3333333333333333,0.3787878787878788,0.2878787878787879,0.18181818181818182,0.16666666666666666,0.05303030303030303,0.1515151515151515,0.21212121212121213,0.23484848484848486
663698,"Bart, Joey",106,0.5,0.5,0.25471698113207547,0.22641509433962265,0.018867924528301886,0.41509433962264153,0.41509433962264153,0.16981132075471697,0.24528301886792453,0.20754716981132076,0.04716981132075472,0.169811320754717,0.20754716981132076,0.12264150943396225
680977,"Donovan, Brendan",185,0.43783783783783786,0.5621621621621622,0.1891891891891892,0.31891891891891894,0.05405405405405406,0.32972972972972975,0.4,0.2702702702702703,0.17297297297297298,0.21621621621621623,0.04864864864864865,0.15675675675675677,0.1837837837837838,0.22162162162162163
676475,"Burleson, Alec",123,0.4065040650406504,0.5934959349593496,0.25203252032520324,0.24390243902439024,0.0975609756097561,0.34146341463414637,0.4065040650406504,0.25203252032520324,0.1951219512195122,0.15447154471544716,0.056910569105691054,0.14634146341463417,0.25203252032520324,0.19512195121951217
571448,"Arenado, Nolan",174,0.3390804597701149,0.6609195402298851,0.2988505747126437,0.22413793103448276,0.13793103448275862,0.4540229885057471,0.3563218390804598,0.1896551724137931,0.16666666666666666,0.1206896551724138,0.05172413793103448,0.28735632183908044,0.23563218390804597,0.13793103448275862
686780,"Pagés, Pedro",101,0.40594059405940597,0.594059405940594,0.3069306930693069,0.19801980198019803,0.0891089108910891,0.32673267326732675,0.297029702970297,0.37623762376237624,0.15841584158415842,0.12871287128712872,0.1188118811881188,0.16831683168316833,0.1683168316831683,0.25742574257425743
663457,"Nootbaar, Lars",172,0.3372093023255814,0.6627906976744187,0.29651162790697677,0.28488372093023256,0.08139534883720931,0.36627906976744184,0.4011627906976744,0.23255813953488372,0.1744186046511628,0.12790697674418605,0.03488372093023256,0.19186046511627905,0.27325581395348836,0.19767441860465115
691026,"Winn, Masyn",126,0.35714285714285715,0.6428571428571429,0.23015873015873015,0.29365079365079366,0.11904761904761904,0.42857142857142855,0.31746031746031744,0.25396825396825395,0.1984126984126984,0.10317460317460317,0.05555555555555555,0.23015873015873015,0.21428571428571427,0.1984126984126984
691023,"Walker, Jordan",102,0.46078431372549017,0.5392156862745099,0.23529411764705882,0.22549019607843138,0.0784313725490196,0.3137254901960784,0.45098039215686275,0.23529411764705882,0.20588235294117646,0.18627450980392157,0.06862745098039216,0.10784313725490197,0.2647058823529412,0.16666666666666666
687363,"Scott II, Victor",123,0.4065040650406504,0.5934959349593496,0.22764227642276422,0.3008130081300813,0.06504065040650407,0.3333333333333333,0.34959349593495936,0.3170731707317073,0.2032520325203252,0.14634146341463414,0.056910569105691054,0.13008130081300812,0.20325203252032523,0.2601626016260163
605141,"Betts, Mookie",185,0.34054054054054056,0.6594594594594595,0.34054054054054056,0.2648648648648649,0.05405405405405406,0.3837837837837838,0.3783783783783784,0.23783783783783785,0.17297297297297298,0.10810810810810811,0.05945945945945946,0.21081081081081082,0.2702702702702703,0.1783783783783784
518692,"Freeman, Freddie",137,0.34306569343065696,0.656934306569343,0.32116788321167883,0.32116788321167883,0.014598540145985401,0.40145985401459855,0.35766423357664234,0.24087591240875914,0.17518248175182483,0.12408759124087591,0.043795620437956206,0.22627737226277372,0.23357664233576642,0.19708029197080293
669911,"Toglia, Michael",107,0.3925233644859813,0.6074766355140186,0.2803738317757009,0.2803738317757009,0.04672897196261682,0.4672897196261682,0.308411214953271,0.22429906542056074,0.24299065420560748,0.12149532710280374,0.028037383177570093,0.22429906542056074,0.18691588785046725,0.19626168224299065
571657,"Farmer, Kyle",116,0.4482758620689655,0.5517241379310345,0.20689655172413793,0.28448275862068967,0.0603448275862069,0.3620689655172414,0.4224137931034483,0.21551724137931033,0.25,0.1810344827586207,0.017241379310344827,0.11206896551724138,0.2413793103448276,0.1982758620689655
687597,"Beck, Jordan",115,0.3652173913043478,0.6347826086956522,0.2956521739130435,0.2782608695652174,0.06086956521739131,0.43478260869565216,0.3130434782608696,0.25217391304347825,0.21739130434782608,0.11304347826086956,0.034782608695652174,0.21739130434782608,0.2,0.21739130434782608
696100,"Goodman, Hunter",152,0.39473684210526316,0.6052631578947368,0.2894736842105263,0.20394736842105263,0.1118421052631579,0.4605263157894737,0.3355263157894737,0.20394736842105263,0.2631578947368421,0.1118421052631579,0.019736842105263157,0.19736842105263158,0.22368421052631576,0.18421052631578946
686668,"Doyle, Brenton",131,0.4122137404580153,0.5877862595419847,0.32061068702290074,0.21374045801526717,0.05343511450381679,0.37404580152671757,0.3816793893129771,0.24427480916030533,0.21374045801526717,0.15267175572519084,0.04580152671755725,0.1603053435114504,0.22900763358778628,0.1984732824427481
678662,"Tovar, Ezequiel",92,0.33695652173913043,0.6630434782608695,0.20652173913043478,0.391304347826087,0.06521739130434782,0.358695652173913,0.30434782608695654,0.33695652173913043,0.17391304347826086,0.11956521739130435,0.043478260869565216,0.18478260869565216,0.1847826086956522,0.2934782608695652
641857,"McMahon, Ryan",125,0.424,0.5760000000000001,0.304,0.224,0.048,0.384,0.424,0.192,0.2,0.176,0.048,0.184,0.248,0.14400000000000002
666160,"Moniak, Mickey",111,0.4144144144144144,0.5855855855855856,0.3063063063063063,0.25225225225225223,0.02702702702702703,0.4864864864864865,0.27927927927927926,0.23423423423423423,0.27927927927927926,0.12612612612612611,0.009009009009009009,0.20720720720720726,0.15315315315315314,0.22522522522522523
671218,"Ramos, Heliot",158,0.5126582278481012,0.4873417721518987,0.22151898734177214,0.21518987341772153,0.05063291139240506,0.35443037974683544,0.4177215189873418,0.22784810126582278,0.2088607594936709,0.2721518987341772,0.03164556962025317,0.14556962025316456,0.14556962025316456,0.1962025316455696
808982,"Lee, Jung Hoo",193,0.42487046632124353,0.5751295336787564,0.25906735751295334,0.27979274611398963,0.03626943005181347,0.40932642487046633,0.3316062176165803,0.25906735751295334,0.21243523316062177,0.16062176165803108,0.05181347150259067,0.19689119170984457,0.17098445595854925,0.20725388601036268
642715,"Adames, Willy",157,0.3503184713375796,0.6496815286624203,0.3184713375796178,0.19745222929936307,0.1337579617834395,0.36942675159235666,0.3375796178343949,0.2929936305732484,0.21656050955414013,0.08917197452229299,0.044585987261146494,0.15286624203821653,0.2484076433121019,0.2484076433121019
656305,"Chapman, Matt",141,0.3333333333333333,0.6666666666666667,0.3262411347517731,0.1773049645390071,0.16312056737588654,0.36879432624113473,0.3546099290780142,0.2765957446808511,0.14893617021276595,0.1347517730496454,0.04964539007092199,0.21985815602836878,0.2198581560283688,0.22695035460992907
527038,"Flores, Wilmer",163,0.36809815950920244,0.6319018404907976,0.2331288343558282,0.3006134969325153,0.09815950920245399,0.37423312883435583,0.38650306748466257,0.2392638036809816,0.15337423312883436,0.15337423312883436,0.06134969325153374,0.22085889570552147,0.2331288343558282,0.17791411042944785
664774,"Wade Jr., LaMonte",110,0.3,0.7,0.33636363636363636,0.2545454545454545,0.10909090909090909,0.37272727272727274,0.35454545454545455,0.2727272727272727,0.13636363636363635,0.1,0.06363636363636363,0.2363636363636364,0.2545454545454545,0.20909090909090908
672275,"Bailey, Patrick",94,0.2978723404255319,0.7021276595744681,0.43617021276595747,0.19148936170212766,0.07446808510638298,0.24468085106382978,0.48936170212765956,0.26595744680851063,0.0851063829787234,0.19148936170212766,0.02127659574468085,0.1595744680851064,0.2978723404255319,0.24468085106382978
573262,"Yastrzemski, Mike",134,0.3656716417910448,0.6343283582089553,0.30597014925373134,0.2462686567164179,0.08208955223880597,0.3656716417910448,0.3805970149253731,0.2537313432835821,0.11940298507462686,0.208955223880597,0.03731343283582089,0.2462686567164179,0.17164179104477612,0.2164179104477612
672386,"Kirk, Alejandro",147,0.40816326530612246,0.5918367346938774,0.23809523809523808,0.2925170068027211,0.061224489795918366,0.32653061224489793,0.3741496598639456,0.29931972789115646,0.17006802721088435,0.1836734693877551,0.05442176870748299,0.15646258503401358,0.1904761904761905,0.24489795918367346
676391,"Clement, Ernie",146,0.3356164383561644,0.6643835616438356,0.2465753424657534,0.3219178082191781,0.0958904109589041,0.3972602739726027,0.363013698630137,0.23972602739726026,0.1506849315068493,0.15753424657534246,0.0273972602739726,0.2465753424657534,0.20547945205479454,0.21232876712328766
543807,"Springer, George",121,0.38016528925619836,0.6198347107438016,0.3140495867768595,0.2231404958677686,0.08264462809917356,0.36363636363636365,0.38016528925619836,0.256198347107438,0.19834710743801653,0.1322314049586777,0.049586776859504134,0.1652892561983471,0.24793388429752067,0.20661157024793386
664770,"Lukes, Nathan",89,0.449438202247191,0.550561797752809,0.21348314606741572,0.2808988764044944,0.056179775280898875,0.29213483146067415,0.42696629213483145,0.2808988764044944,0.15730337078651685,0.19101123595505617,0.10112359550561797,0.1348314606741573,0.23595505617977527,0.17977528089887643
665489,"Guerrero Jr., Vladimir",174,0.4540229885057471,0.5459770114942528,0.22988505747126436,0.27011494252873564,0.04597701149425287,0.3218390804597701,0.3793103448275862,0.2988505747126437,0.1839080459770115,0.22413793103448276,0.04597701149425287,0.13793103448275862,0.15517241379310343,0.25287356321839083
666182,"Bichette, Bo",200,0.45,0.55,0.21,0.285,0.055,0.285,0.41,0.305,0.145,0.215,0.09,0.13999999999999999,0.19499999999999998,0.215
680718,"Barger, Addison",86,0.38372093023255816,0.6162790697674418,0.18604651162790697,0.3023255813953488,0.12790697674418605,0.43023255813953487,0.38372093023255816,0.18604651162790697,0.20930232558139536,0.16279069767441862,0.011627906976744186,0.2209302325581395,0.22093023255813954,0.1744186046511628
670623,"Paredes, Isaac",173,0.3352601156069364,0.6647398843930635,0.32947976878612717,0.27167630057803466,0.06358381502890173,0.5375722543352601,0.2774566473988439,0.18497109826589594,0.2023121387283237,0.07514450867052024,0.057803468208092484,0.3352601156069364,0.20231213872832365,0.12716763005780346
572233,"Walker, Christian",147,0.4013605442176871,0.5986394557823129,0.25170068027210885,0.2653061224489796,0.08163265306122448,0.46938775510204084,0.3741496598639456,0.1564625850340136,0.22448979591836735,0.1564625850340136,0.02040816326530612,0.2448979591836735,0.217687074829932,0.1360544217687075
514888,"Altuve, Jose",177,0.4858757062146893,0.5141242937853108,0.23163841807909605,0.1638418079096045,0.11864406779661017,0.5423728813559322,0.2768361581920904,0.1807909604519774,0.2994350282485876,0.15254237288135594,0.03389830508474576,0.24293785310734461,0.12429378531073446,0.14689265536723164
676694,"Meyers, Jake",142,0.49295774647887325,0.5070422535211268,0.2112676056338028,0.2676056338028169,0.028169014084507043,0.29577464788732394,0.49295774647887325,0.2112676056338028,0.19014084507042253,0.2535211267605634,0.04929577464788732,0.1056338028169014,0.23943661971830987,0.1619718309859155
665161,"Peña, Jeremy",186,0.46774193548387094,0.532258064516129,0.21505376344086022,0.25806451612903225,0.05913978494623656,0.44086021505376344,0.3387096774193548,0.22043010752688172,0.23655913978494625,0.1827956989247312,0.04838709677419355,0.2043010752688172,0.15591397849462363,0.17204301075268819
701358,"Smith, Cam",101,0.4752475247524752,0.5247524752475248,0.21782178217821782,0.27722772277227725,0.0297029702970297,0.3465346534653465,0.3564356435643564,0.297029702970297,0.22772277227722773,0.15841584158415842,0.0891089108910891,0.11881188118811878,0.198019801980198,0.2079207920792079
673237,"Diaz, Yainer",150,0.41333333333333333,0.5866666666666667,0.2733333333333333,0.25333333333333335,0.06,0.36666666666666664,0.38666666666666666,0.24666666666666667,0.19333333333333333,0.16,0.06,0.1733333333333333,0.22666666666666666,0.18666666666666668
664761,"Bohm, Alec",177,0.4915254237288136,0.5084745762711864,0.20903954802259886,0.2768361581920904,0.022598870056497175,0.23163841807909605,0.4858757062146893,0.2824858757062147,0.15254237288135594,0.2768361581920904,0.062146892655367235,0.0790960451977401,0.2090395480225989,0.22033898305084745
547180,"Harper, Bryce",162,0.3395061728395062,0.6604938271604939,0.3271604938271605,0.32098765432098764,0.012345679012345678,0.3395061728395062,0.35802469135802467,0.30246913580246915,0.1728395061728395,0.1111111111111111,0.05555555555555555,0.16666666666666669,0.24691358024691357,0.2469135802469136
607208,"Turner, Trea",183,0.45901639344262296,0.5409836065573771,0.2896174863387978,0.2185792349726776,0.03278688524590164,0.36065573770491804,0.4371584699453552,0.20218579234972678,0.1912568306010929,0.2185792349726776,0.04918032786885246,0.16939890710382516,0.2185792349726776,0.15300546448087432
592206,"Castellanos, Nick",180,0.34444444444444444,0.6555555555555556,0.3,0.31666666666666665,0.03888888888888889,0.37777777777777777,0.37777777777777777,0.24444444444444444,0.18888888888888888,0.12777777777777777,0.027777777777777776,0.18888888888888888,0.25,0.21666666666666667
596146,"Kepler, Max",132,0.4015151515151515,0.5984848484848485,0.32575757575757575,0.19696969696969696,0.07575757575757576,0.48484848484848486,0.30303030303030304,0.21212121212121213,0.2878787878787879,0.06818181818181818,0.045454545454545456,0.19696969696969696,0.23484848484848486,0.16666666666666669
656941,"Schwarber, Kyle",147,0.3741496598639456,0.6258503401360543,0.35374149659863946,0.20408163265306123,0.06802721088435375,0.5238095238095238,0.3129251700680272,0.16326530612244897,0.2585034013605442,0.11564625850340136,0,0.2653061224489796,0.19727891156462585,0.16326530612244897
681082,"Stott, Bryson",156,0.3974358974358974,0.6025641025641025,0.32051282051282054,0.24358974358974358,0.038461538461538464,0.28205128205128205,0.4166666666666667,0.30128205128205127,0.11538461538461539,0.19230769230769232,0.08974358974358974,0.16666666666666666,0.22435897435897437,0.2115384615384615
592663,"Realmuto, J.T.",128,0.4609375,0.5390625,0.2578125,0.234375,0.046875,0.4296875,0.3359375,0.234375,0.2734375,0.15625,0.03125,0.15625,0.1796875,0.203125
687263,"Neto, Zach",103,0.30097087378640774,0.6990291262135921,0.2912621359223301,0.32038834951456313,0.08737864077669903,0.4174757281553398,0.34951456310679613,0.23300970873786409,0.1553398058252427,0.11650485436893204,0.02912621359223301,0.2621359223300971,0.23300970873786409,0.2038834951456311
694384,"Schanuel, Nolan",163,0.4233128834355828,0.5766871165644172,0.24539877300613497,0.3006134969325153,0.03067484662576687,0.3619631901840491,0.37423312883435583,0.26380368098159507,0.22699386503067484,0.147239263803681,0.049079754601226995,0.13496932515337426,0.22699386503067484,0.21472392638036808
621493,"Ward, Taylor",154,0.35064935064935066,0.6493506493506493,0.38311688311688313,0.16233766233766234,0.1038961038961039,0.37012987012987014,0.33766233766233766,0.2922077922077922,0.2012987012987013,0.12337662337662338,0.025974025974025976,0.16883116883116883,0.2142857142857143,0.2662337662337662
681351,"O'Hoppe, Logan",111,0.36036036036036034,0.6396396396396397,0.36936936936936937,0.2072072072072072,0.06306306306306306,0.44144144144144143,0.3153153153153153,0.24324324324324326,0.17117117117117117,0.13513513513513514,0.05405405405405406,0.2702702702702703,0.18018018018018017,0.1891891891891892
624585,"Soler, Jorge",132,0.4393939393939394,0.5606060606060607,0.20454545454545456,0.25757575757575757,0.09848484848484848,0.4696969696969697,0.3787878787878788,0.15151515151515152,0.2878787878787879,0.12878787878787878,0.022727272727272728,0.18181818181818182,0.25,0.12878787878787878
666176,"Adell, Jo",109,0.47706422018348627,0.5229357798165137,0.21100917431192662,0.22018348623853212,0.09174311926605505,0.47706422018348627,0.3211009174311927,0.2018348623853211,0.26605504587155965,0.1834862385321101,0.027522935779816515,0.21100917431192662,0.13761467889908258,0.1743119266055046
677347,"Paris, Kyren",67,0.373134328358209,0.6268656716417911,0.40298507462686567,0.1791044776119403,0.04477611940298507,0.44776119402985076,0.23880597014925373,0.31343283582089554,0.2537313432835821,0.029850746268656716,0.08955223880597014,0.19402985074626866,0.208955223880597,0.2238805970149254
650859,"Rengifo, Luis",148,0.5675675675675675,0.43243243243243246,0.14864864864864866,0.25,0.033783783783783786,0.30405405405405406,0.4391891891891892,0.25675675675675674,0.19594594594594594,0.2905405405405405,0.08108108108108109,0.10810810810810811,0.14864864864864868,0.17567567567567566
666149,"Fitzgerald, Tyler",89,0.4044943820224719,0.595505617977528,0.29213483146067415,0.2247191011235955,0.07865168539325842,0.4044943820224719,0.3258426966292135,0.2696629213483146,0.21348314606741572,0.16853932584269662,0.02247191011235955,0.19101123595505617,0.15730337078651688,0.24719101123595505
665966,"Narváez, Carlos",108,0.42592592592592593,0.5740740740740741,0.2777777777777778,0.2222222222222222,0.07407407407407407,0.4166666666666667,0.26851851851851855,0.3148148148148148,0.2037037037037037,0.14814814814814814,0.07407407407407407,0.212962962962963,0.1203703703703704,0.24074074074074076
692225,"Campbell, Kristian",127,0.5196850393700787,0.47244094488188976,0.1889763779527559,0.2440944881889764,0.03937007874015748,0.2992125984251969,0.3858267716535433,0.30708661417322836,0.18110236220472442,0.2283464566929134,0.11023622047244094,0.11811023622047245,0.1574803149606299,0.1968503937007874
680776,"Duran, Jarren",193,0.43005181347150256,0.5699481865284974,0.21243523316062177,0.27979274611398963,0.07772020725388601,0.3316062176165803,0.38341968911917096,0.2849740932642487,0.20207253886010362,0.18134715025906736,0.046632124352331605,0.1295336787564767,0.2020725388601036,0.2383419689119171
678882,"Rafaela, Ceddanne",146,0.4794520547945205,0.5205479452054794,0.2808219178082192,0.2054794520547945,0.03424657534246575,0.3493150684931507,0.410958904109589,0.23972602739726026,0.2534246575342466,0.1780821917808219,0.04794520547945205,0.0958904109589041,0.2328767123287671,0.1917808219178082
646240,"Devers, Rafael",161,0.40993788819875776,0.5900621118012422,0.30434782608695654,0.2422360248447205,0.043478260869565216,0.2919254658385093,0.422360248447205,0.2857142857142857,0.11801242236024845,0.22981366459627328,0.062111801242236024,0.17391304347826086,0.1925465838509317,0.22360248447204967
596115,"Story, Trevor",146,0.4794520547945205,0.5205479452054794,0.2534246575342466,0.18493150684931506,0.0821917808219178,0.3287671232876712,0.4589041095890411,0.21232876712328766,0.2465753424657534,0.18493150684931506,0.04794520547945205,0.0821917808219178,0.273972602739726,0.1643835616438356
593428,"Bogaerts, Xander",151,0.41721854304635764,0.5827814569536424,0.2052980132450331,0.2980132450331126,0.07947019867549669,0.40397350993377484,0.3841059602649007,0.2119205298013245,0.2119205298013245,0.16556291390728478,0.039735099337748346,0.19205298013245034,0.2185430463576159,0.17218543046357615
665487,"Tatis Jr., Fernando",169,0.5443786982248521,0.4556213017751479,0.23076923076923078,0.1834319526627219,0.04142011834319527,0.3668639053254438,0.39644970414201186,0.23668639053254437,0.2603550295857988,0.21301775147928995,0.07100591715976332,0.10650887573964496,0.18343195266272191,0.16568047337278105
657757,"Sheets, Gavin",129,0.3643410852713178,0.6356589147286823,0.2558139534883721,0.29457364341085274,0.08527131782945736,0.4573643410852713,0.3023255813953488,0.24031007751937986,0.17829457364341086,0.11627906976744186,0.06976744186046512,0.2790697674418604,0.18604651162790697,0.17054263565891475
701538,"Merrill, Jackson",94,0.5,0.5,0.26595744680851063,0.22340425531914893,0.010638297872340425,0.3723404255319149,0.3723404255319149,0.2553191489361702,0.26595744680851063,0.2127659574468085,0.02127659574468085,0.10638297872340424,0.15957446808510636,0.23404255319148934
592518,"Machado, Manny",169,0.378698224852071,0.621301775147929,0.24260355029585798,0.2958579881656805,0.08284023668639054,0.31952662721893493,0.40828402366863903,0.27218934911242604,0.17159763313609466,0.1834319526627219,0.023668639053254437,0.14792899408284027,0.22485207100591714,0.2485207100591716
650333,"Arraez, Luis",198,0.4090909090909091,0.5909090909090909,0.24242424242424243,0.30808080808080807,0.04040404040404041,0.31313131313131315,0.30808080808080807,0.3787878787878788,0.18181818181818182,0.1414141414141414,0.08585858585858586,0.13131313131313133,0.16666666666666666,0.29292929292929293
553869,"Díaz, Elias",93,0.3978494623655914,0.6021505376344086,0.25806451612903225,0.20430107526881722,0.13978494623655913,0.3870967741935484,0.3010752688172043,0.3118279569892473,0.1827956989247312,0.12903225806451613,0.08602150537634409,0.2043010752688172,0.17204301075268819,0.22580645161290322
669743,"Call, Alex",93,0.43010752688172044,0.5698924731182795,0.26881720430107525,0.25806451612903225,0.043010752688172046,0.3118279569892473,0.3333333333333333,0.3548387096774194,0.20430107526881722,0.17204301075268819,0.053763440860215055,0.1075268817204301,0.16129032258064513,0.3010752688172043
660688,"Ruiz, Keibert",168,0.4880952380952381,0.5119047619047619,0.17857142857142858,0.25595238095238093,0.07738095238095238,0.4583333333333333,0.36904761904761907,0.17261904761904762,0.27976190476190477,0.18452380952380953,0.023809523809523808,0.17857142857142855,0.18452380952380953,0.1488095238095238
686611,"Crews, Dylan",110,0.4818181818181818,0.5181818181818182,0.2545454545454545,0.20909090909090908,0.05454545454545454,0.35454545454545455,0.38181818181818183,0.2636363636363636,0.24545454545454545,0.19090909090909092,0.045454545454545456,0.1090909090909091,0.19090909090909092,0.21818181818181814
608324,"Bregman, Alex",156,0.36538461538461536,0.6346153846153846,0.3333333333333333,0.20512820512820512,0.09615384615384616,0.5641025641025641,0.3076923076923077,0.1282051282051282,0.26282051282051283,0.08333333333333333,0.019230769230769232,0.30128205128205127,0.2243589743589744,0.10897435897435896
677800,"Abreu, Wilyer",145,0.30344827586206896,0.6965517241379311,0.4068965517241379,0.1724137931034483,0.11724137931034483,0.42758620689655175,0.32413793103448274,0.2482758620689655,0.16551724137931034,0.11724137931034483,0.020689655172413793,0.2620689655172414,0.2068965517241379,0.22758620689655173
696285,"Young, Jacob",95,0.6736842105263158,0.32631578947368417,0.08421052631578947,0.21052631578947367,0.031578947368421054,0.3263157894736842,0.3894736842105263,0.28421052631578947,0.2736842105263158,0.25263157894736843,0.14736842105263157,0.05263157894736842,0.13684210526315788,0.1368421052631579
678246,"Vargas, Miguel",161,0.2857142857142857,0.7142857142857143,0.3416149068322981,0.2546583850931677,0.11801242236024845,0.4161490683229814,0.40372670807453415,0.18012422360248448,0.18633540372670807,0.08074534161490683,0.018633540372670808,0.2298136645962733,0.32298136645962733,0.16149068322981366
805367,"Meidroth, Chase",106,0.5754716981132075,0.42452830188679247,0.1792452830188679,0.1509433962264151,0.09433962264150944,0.32075471698113206,0.37735849056603776,0.3018867924528302,0.20754716981132076,0.25471698113207547,0.11320754716981132,0.1132075471698113,0.12264150943396229,0.18867924528301885
672820,"Sosa, Lenyn",147,0.30612244897959184,0.6938775510204082,0.25170068027210885,0.3401360544217687,0.10204081632653061,0.3469387755102041,0.36054421768707484,0.2925170068027211,0.1564625850340136,0.11564625850340136,0.034013605442176874,0.19047619047619047,0.24489795918367346,0.2585034013605442
643217,"Benintendi, Andrew",86,0.27906976744186046,0.7209302325581395,0.43023255813953487,0.1744186046511628,0.11627906976744186,0.5116279069767442,0.29069767441860467,0.19767441860465115,0.1744186046511628,0.06976744186046512,0.03488372093023256,0.33720930232558144,0.22093023255813954,0.1627906976744186
700337,"Quero, Edgar",90,0.5222222222222223,0.47777777777777775,0.16666666666666666,0.2777777777777778,0.03333333333333333,0.24444444444444444,0.36666666666666664,0.3888888888888889,0.17777777777777778,0.24444444444444444,0.1,0.06666666666666665,0.1222222222222222,0.28888888888888886
575929,"Contreras, Willson",146,0.4931506849315068,0.5068493150684932,0.1917808219178082,0.2808219178082192,0.03424657534246575,0.3767123287671233,0.3835616438356164,0.23972602739726026,0.2328767123287671,0.2054794520547945,0.0547945205479452,0.14383561643835618,0.1780821917808219,0.18493150684931506
687401,"Ortiz, Joey",147,0.4489795918367347,0.5510204081632653,0.19727891156462585,0.23809523809523808,0.11564625850340136,0.2653061224489796,0.42857142857142855,0.30612244897959184,0.17687074829931973,0.19047619047619047,0.08163265306122448,0.08843537414965988,0.23809523809523808,0.22448979591836737
668930,"Turang, Brice",158,0.4873417721518987,0.5126582278481012,0.21518987341772153,0.27848101265822783,0.0189873417721519,0.2088607594936709,0.44936708860759494,0.34177215189873417,0.17721518987341772,0.21518987341772153,0.0949367088607595,0.03164556962025317,0.23417721518987342,0.24683544303797467
694192,"Chourio, Jackson",192,0.4166666666666667,0.5833333333333334,0.23958333333333334,0.24479166666666666,0.09895833333333333,0.3541666666666667,0.3489583333333333,0.296875,0.1875,0.171875,0.057291666666666664,0.16666666666666669,0.17708333333333331,0.23958333333333334
702332,"Durbin, Caleb",115,0.3826086956521739,0.6173913043478261,0.2782608695652174,0.2,0.1391304347826087,0.3652173913043478,0.40869565217391307,0.22608695652173913,0.17391304347826086,0.14782608695652175,0.06086956521739131,0.19130434782608696,0.26086956521739135,0.16521739130434782
592885,"Yelich, Christian",147,0.6326530612244898,0.3673469387755102,0.1564625850340136,0.17687074829931973,0.034013605442176874,0.4217687074829932,0.3333333333333333,0.24489795918367346,0.32653061224489793,0.21768707482993196,0.08843537414965986,0.09523809523809529,0.11564625850340135,0.1564625850340136
686217,"Frelick, Sal",168,0.5,0.5,0.17261904761904762,0.2261904761904762,0.10119047619047619,0.40476190476190477,0.34523809523809523,0.25,0.25595238095238093,0.18452380952380953,0.05952380952380952,0.14880952380952384,0.1607142857142857,0.19047619047619047
656555,"Hoskins, Rhys",125,0.288,0.712,0.344,0.28,0.088,0.536,0.312,0.152,0.168,0.096,0.024,0.368,0.216,0.128
661388,"Contreras, William",150,0.54,0.46,0.19333333333333333,0.24,0.02666666666666667,0.30666666666666664,0.38,0.31333333333333335,0.22666666666666666,0.2,0.11333333333333333,0.07999999999999999,0.18,0.2
650489,"Castro, Willi",89,0.3707865168539326,0.6292134831460674,0.2808988764044944,0.24719101123595505,0.10112359550561797,0.4044943820224719,0.33707865168539325,0.25842696629213485,0.15730337078651685,0.14606741573033707,0.06741573033707865,0.24719101123595505,0.19101123595505617,0.1910112359550562
663616,"Larnach, Trevor",156,0.47435897435897434,0.5256410256410257,0.21794871794871795,0.26282051282051283,0.04487179487179487,0.38461538461538464,0.3717948717948718,0.24358974358974358,0.24358974358974358,0.19230769230769232,0.038461538461538464,0.14102564102564105,0.1794871794871795,0.20512820512820512
680777,"Jeffers, Ryan",121,0.35537190082644626,0.6446280991735537,0.2975206611570248,0.2727272727272727,0.0743801652892562,0.34710743801652894,0.35537190082644626,0.2975206611570248,0.1652892561983471,0.15702479338842976,0.03305785123966942,0.18181818181818182,0.1983471074380165,0.2644628099173554
686797,"Lee, Brooks",121,0.3884297520661157,0.6115702479338843,0.3305785123966942,0.2066115702479339,0.0743801652892562,0.4214876033057851,0.33884297520661155,0.2396694214876033,0.2231404958677686,0.1322314049586777,0.03305785123966942,0.1983471074380165,0.20661157024793386,0.2066115702479339
621439,"Buxton, Byron",109,0.4036697247706422,0.5963302752293578,0.26605504587155965,0.24770642201834864,0.08256880733944955,0.5321100917431193,0.3302752293577982,0.13761467889908258,0.24770642201834864,0.13761467889908258,0.01834862385321101,0.28440366972477066,0.1926605504587156,0.11926605504587157
664034,"France, Ty",167,0.47904191616766467,0.5209580838323353,0.2694610778443114,0.23353293413173654,0.017964071856287425,0.31137724550898205,0.4251497005988024,0.2634730538922156,0.17964071856287425,0.2275449101796407,0.0718562874251497,0.1317365269461078,0.1976047904191617,0.19161676646706588
621043,"Correa, Carlos",140,0.5071428571428571,0.4928571428571429,0.2,0.25,0.04285714285714286,0.35714285714285715,0.39285714285714285,0.25,0.19285714285714287,0.24285714285714285,0.07142857142857142,0.16428571428571428,0.15,0.17857142857142858
664056,"Bader, Harrison",102,0.5294117647058824,0.47058823529411764,0.21568627450980393,0.19607843137254902,0.058823529411764705,0.5098039215686274,0.3137254901960784,0.17647058823529413,0.28431372549019607,0.18627450980392157,0.058823529411764705,0.22549019607843135,0.12745098039215685,0.11764705882352942
542303,"Ozuna, Marcell",133,0.41353383458646614,0.5864661654135338,0.2706766917293233,0.2556390977443609,0.06015037593984962,0.45864661654135336,0.2932330827067669,0.24812030075187969,0.22556390977443608,0.13533834586466165,0.05263157894736842,0.23308270676691728,0.15789473684210525,0.19548872180451127
671739,"Harris II, Michael",177,0.4915254237288136,0.5084745762711864,0.2033898305084746,0.2542372881355932,0.05084745762711865,0.3728813559322034,0.3728813559322034,0.2542372881355932,0.23728813559322035,0.192090395480226,0.062146892655367235,0.13559322033898305,0.1807909604519774,0.19209039548022597
621566,"Olson, Matt",153,0.42483660130718953,0.5751633986928104,0.2875816993464052,0.20915032679738563,0.0784313725490196,0.3790849673202614,0.35294117647058826,0.2679738562091503,0.23529411764705882,0.1503267973856209,0.0392156862745098,0.1437908496732026,0.20261437908496735,0.22875816993464052
663586,"Riley, Austin",159,0.3333333333333333,0.6666666666666666,0.3081761006289308,0.27672955974842767,0.08176100628930817,0.4528301886792453,0.3333333333333333,0.2138364779874214,0.18867924528301888,0.1069182389937107,0.03773584905660377,0.2641509433962264,0.22641509433962262,0.17610062893081763
669221,"Murphy, Sean",75,0.4266666666666667,0.5733333333333334,0.30666666666666664,0.25333333333333335,0.013333333333333334,0.49333333333333335,0.30666666666666664,0.2,0.22666666666666666,0.13333333333333333,0.06666666666666667,0.2666666666666667,0.1733333333333333,0.13333333333333336
645277,"Albies, Ozzie",185,0.34594594594594597,0.654054054054054,0.3027027027027027,0.24864864864864866,0.10270270270270271,0.4864864864864865,0.32432432432432434,0.1891891891891892,0.2,0.10270270270270271,0.043243243243243246,0.2864864864864865,0.22162162162162163,0.14594594594594595
657077,"Verdugo, Alex",116,0.45689655172413796,0.5431034482758621,0.21551724137931033,0.27586206896551724,0.05172413793103448,0.29310344827586204,0.43103448275862066,0.27586206896551724,0.19827586206896552,0.21551724137931033,0.04310344827586207,0.09482758620689652,0.21551724137931033,0.23275862068965517
602104,"Urías, Ramón",100,0.47,0.53,0.23,0.21,0.09,0.42,0.35,0.23,0.24,0.17,0.06,0.18,0.17999999999999997,0.17
656775,"Mullins, Cedric",130,0.2846153846153846,0.7153846153846153,0.33076923076923076,0.25384615384615383,0.13076923076923078,0.4307692307692308,0.3230769230769231,0.24615384615384617,0.13076923076923078,0.11538461538461539,0.038461538461538464,0.30000000000000004,0.2076923076923077,0.2076923076923077
668939,"Rutschman, Adley",147,0.3673469387755102,0.6326530612244897,0.2925170068027211,0.2789115646258503,0.061224489795918366,0.40816326530612246,0.3129251700680272,0.2789115646258503,0.21768707482993196,0.11564625850340136,0.034013605442176874,0.1904761904761905,0.19727891156462585,0.24489795918367344
702616,"Holliday, Jackson",139,0.5107913669064749,0.4892086330935252,0.22302158273381295,0.2302158273381295,0.03597122302158273,0.302158273381295,0.41007194244604317,0.28776978417266186,0.20863309352517986,0.23741007194244604,0.06474820143884892,0.09352517985611511,0.17266187050359713,0.22302158273381295
683002,"Henderson, Gunnar",139,0.5107913669064749,0.4892086330935252,0.20863309352517986,0.2158273381294964,0.06474820143884892,0.37410071942446044,0.3381294964028777,0.28776978417266186,0.22302158273381295,0.17985611510791366,0.1079136690647482,0.1510791366906475,0.15827338129496404,0.17985611510791366
656811,"O'Hearn, Ryan",134,0.47761194029850745,0.5223880597014925,0.21641791044776118,0.26119402985074625,0.04477611940298507,0.4552238805970149,0.3358208955223881,0.208955223880597,0.27611940298507465,0.15671641791044777,0.04477611940298507,0.17910447761194026,0.17910447761194032,0.16417910447761194
677008,"Kjerstad, Heston",98,0.4387755102040816,0.5612244897959183,0.2755102040816326,0.20408163265306123,0.08163265306122448,0.3877551020408163,0.3163265306122449,0.29591836734693877,0.24489795918367346,0.16326530612244897,0.030612244897959183,0.14285714285714285,0.15306122448979595,0.2653061224489796
663624,"Mountcastle, Ryan",144,0.4444444444444444,0.5555555555555555,0.2152777777777778,0.2986111111111111,0.041666666666666664,0.4236111111111111,0.3055555555555556,0.2708333333333333,0.25,0.1388888888888889,0.05555555555555555,0.1736111111111111,0.16666666666666669,0.21527777777777776
668901,"Vientos, Mark",136,0.4117647058823529,0.588235294117647,0.27205882352941174,0.25,0.0661764705882353,0.3014705882352941,0.4338235294117647,0.2647058823529412,0.17647058823529413,0.20588235294117646,0.029411764705882353,0.12499999999999997,0.22794117647058826,0.23529411764705882
621438,"Taylor, Tyrone",116,0.33620689655172414,0.6637931034482758,0.20689655172413793,0.3017241379310345,0.15517241379310345,0.43103448275862066,0.31896551724137934,0.25,0.20689655172413793,0.11206896551724138,0.017241379310344827,0.22413793103448273,0.20689655172413796,0.23275862068965517
682668,"Acuña, Luisangel",102,0.5686274509803921,0.43137254901960786,0.17647058823529413,0.21568627450980393,0.0392156862745098,0.20588235294117646,0.5196078431372549,0.27450980392156865,0.1568627450980392,0.29411764705882354,0.11764705882352941,0.04901960784313725,0.2254901960784314,0.15686274509803924
596019,"Lindor, Francisco",187,0.45989304812834225,0.5401069518716578,0.2727272727272727,0.20320855614973263,0.06417112299465241,0.42780748663101603,0.3689839572192513,0.20320855614973263,0.20320855614973263,0.20320855614973263,0.053475935828877004,0.2245989304812834,0.16577540106951869,0.14973262032085563
683146,"Baty, Brett",79,0.4177215189873418,0.5822784810126582,0.22784810126582278,0.2911392405063291,0.06329113924050633,0.3924050632911392,0.3291139240506329,0.27848101265822783,0.20253164556962025,0.13924050632911392,0.0759493670886076,0.18987341772151897,0.18987341772151897,0.20253164556962022
665742,"Soto, Juan",167,0.5269461077844312,0.47305389221556887,0.23353293413173654,0.20359281437125748,0.03592814371257485,0.3532934131736527,0.437125748502994,0.20958083832335328,0.24550898203592814,0.23952095808383234,0.041916167664670656,0.10778443113772457,0.19760479041916168,0.16766467065868262
624413,"Alonso, Pete",161,0.39751552795031053,0.6024844720496895,0.2795031055900621,0.2732919254658385,0.049689440993788817,0.45962732919254656,0.2919254658385093,0.2484472049689441,0.21739130434782608,0.13043478260869565,0.049689440993788817,0.24223602484472048,0.16149068322981366,0.19875776397515527
607043,"Nimmo, Brandon",156,0.44871794871794873,0.5512820512820513,0.2564102564102564,0.23076923076923078,0.0641025641025641,0.3141025641025641,0.3782051282051282,0.3076923076923077,0.1987179487179487,0.17307692307692307,0.07692307692307693,0.11538461538461539,0.20512820512820512,0.23076923076923078
642201,"White, Eli",96,0.5104166666666666,0.48958333333333337,0.1875,0.2604166666666667,0.041666666666666664,0.3541666666666667,0.3541666666666667,0.2916666666666667,0.21875,0.1875,0.10416666666666667,0.13541666666666669,0.16666666666666669,0.1875
669397,"Allen, Nick",111,0.5225225225225225,0.4774774774774775,0.18018018018018017,0.21621621621621623,0.08108108108108109,0.27927927927927926,0.40540540540540543,0.3153153153153153,0.1891891891891892,0.23423423423423423,0.0990990990990991,0.09009009009009006,0.1711711711711712,0.21621621621621623
595879,"Báez, Javier",118,0.4576271186440678,0.5423728813559322,0.2796610169491525,0.22033898305084745,0.0423728813559322,0.4322033898305085,0.3389830508474576,0.2288135593220339,0.22033898305084745,0.15254237288135594,0.0847457627118644,0.21186440677966104,0.18644067796610167,0.1440677966101695
656716,"McKinstry, Zach",126,0.42063492063492064,0.5793650793650793,0.1984126984126984,0.3333333333333333,0.047619047619047616,0.3888888888888889,0.3253968253968254,0.2857142857142857,0.2222222222222222,0.12698412698412698,0.07142857142857142,0.16666666666666669,0.19841269841269843,0.21428571428571427
650402,"Torres, Gleyber",141,0.36879432624113473,0.6312056737588652,0.3404255319148936,0.24113475177304963,0.04964539007092199,0.3262411347517731,0.3900709219858156,0.28368794326241137,0.14184397163120568,0.15602836879432624,0.07092198581560284,0.1843971631205674,0.23404255319148937,0.21276595744680854
681481,"Carpenter, Kerry",153,0.3660130718954248,0.6339869281045751,0.3333333333333333,0.1895424836601307,0.1111111111111111,0.4117647058823529,0.38562091503267976,0.20261437908496732,0.19607843137254902,0.12418300653594772,0.0457516339869281,0.2156862745098039,0.26143790849673204,0.1568627450980392
700242,"Sweeney, Trey",136,0.5,0.5,0.25735294117647056,0.18382352941176472,0.058823529411764705,0.4338235294117647,0.39705882352941174,0.16911764705882354,0.2426470588235294,0.21323529411764705,0.04411764705882353,0.1911764705882353,0.1838235294117647,0.125
682985,"Greene, Riley",143,0.45454545454545453,0.5454545454545455,0.24475524475524477,0.25874125874125875,0.04195804195804196,0.4125874125874126,0.32167832167832167,0.26573426573426573,0.23076923076923078,0.16083916083916083,0.06293706293706294,0.18181818181818182,0.16083916083916083,0.20279720279720279
693307,"Dingler, Dillon",113,0.37168141592920356,0.6283185840707964,0.30973451327433627,0.25663716814159293,0.061946902654867256,0.3893805309734513,0.336283185840708,0.2743362831858407,0.168141592920354,0.1592920353982301,0.04424778761061947,0.22123893805309733,0.1769911504424779,0.2300884955752212
690993,"Keith, Colt",111,0.42342342342342343,0.5765765765765765,0.27927927927927926,0.25225225225225223,0.04504504504504504,0.3153153153153153,0.38738738738738737,0.2972972972972973,0.1981981981981982,0.17117117117117117,0.05405405405405406,0.11711711711711711,0.2162162162162162,0.24324324324324326
679529,"Torkelson, Spencer",143,0.2937062937062937,0.7062937062937062,0.3916083916083916,0.21678321678321677,0.0979020979020979,0.46153846153846156,0.3006993006993007,0.23776223776223776,0.14685314685314685,0.11188811188811189,0.03496503496503497,0.3146853146853147,0.1888111888111888,0.20279720279720279
680574,"McLain, Matt",115,0.3565217391304348,0.6434782608695652,0.34782608695652173,0.25217391304347825,0.043478260869565216,0.30434782608695654,0.41739130434782606,0.2782608695652174,0.16521739130434782,0.1391304347826087,0.05217391304347826,0.13913043478260873,0.27826086956521734,0.22608695652173913
669289,"Espinal, Santiago",148,0.46621621621621623,0.5337837837837838,0.25,0.21621621621621623,0.06756756756756757,0.36486486486486486,0.3581081081081081,0.27702702702702703,0.22297297297297297,0.1554054054054054,0.08783783783783784,0.14189189189189189,0.20270270270270271,0.1891891891891892
670770,"Friedl, TJ",174,0.43103448275862066,0.5689655172413793,0.19540229885057472,0.27011494252873564,0.10344827586206896,0.4885057471264368,0.3333333333333333,0.1781609195402299,0.25862068965517243,0.12643678160919541,0.04597701149425287,0.22988505747126436,0.2068965517241379,0.13218390804597702
682829,"De La Cruz, Elly",157,0.554140127388535,0.445859872611465,0.2356687898089172,0.16560509554140126,0.044585987261146494,0.39490445859872614,0.34394904458598724,0.2611464968152866,0.29936305732484075,0.19745222929936307,0.05732484076433121,0.09554140127388538,0.14649681528662417,0.20382165605095542
666158,"Lux, Gavin",123,0.43902439024390244,0.5609756097560976,0.23577235772357724,0.3170731707317073,0.008130081300813009,0.36585365853658536,0.43902439024390244,0.1951219512195122,0.18699186991869918,0.1951219512195122,0.056910569105691054,0.17886178861788618,0.24390243902439024,0.13821138211382114
668715,"Steer, Spencer",138,0.38405797101449274,0.6159420289855073,0.21014492753623187,0.30434782608695654,0.10144927536231885,0.463768115942029,0.32608695652173914,0.21014492753623187,0.2028985507246377,0.14492753623188406,0.036231884057971016,0.2608695652173913,0.18115942028985507,0.17391304347826086
669720,"Hays, Austin",89,0.39325842696629215,0.6067415730337078,0.29213483146067415,0.23595505617977527,0.07865168539325842,0.4943820224719101,0.3146067415730337,0.19101123595505617,0.23595505617977527,0.12359550561797752,0.033707865168539325,0.2584269662921348,0.19101123595505617,0.15730337078651685
682663,"Ramírez, Agustín",102,0.4117647058823529,0.5882352941176471,0.20588235294117646,0.29411764705882354,0.08823529411764706,0.35294117647058826,0.35294117647058826,0.29411764705882354,0.20588235294117646,0.1568627450980392,0.049019607843137254,0.1470588235294118,0.19607843137254904,0.2450980392156863
660821,"Sánchez, Jesús",100,0.56,0.44,0.18,0.2,0.06,0.33,0.46,0.21,0.24,0.27,0.05,0.09000000000000002,0.19,0.15999999999999998
681393,"Norby, Connor",91,0.4065934065934066,0.5934065934065934,0.34065934065934067,0.21978021978021978,0.03296703296703297,0.4065934065934066,0.3626373626373626,0.23076923076923078,0.1978021978021978,0.16483516483516483,0.04395604395604396,0.2087912087912088,0.1978021978021978,0.18681318681318682
669065,"Stowers, Kyle",134,0.39552238805970147,0.6044776119402985,0.29850746268656714,0.26865671641791045,0.03731343283582089,0.41044776119402987,0.3283582089552239,0.26119402985074625,0.16417910447761194,0.1865671641791045,0.04477611940298507,0.24626865671641793,0.1417910447761194,0.21641791044776118
676572,"Wagaman, Eric",158,0.3924050632911392,0.6075949367088608,0.24050632911392406,0.2848101265822785,0.08227848101265822,0.34810126582278483,0.43037974683544306,0.22151898734177214,0.18354430379746836,0.16455696202531644,0.04430379746835443,0.16455696202531647,0.2658227848101266,0.17721518987341772
672640,"Lopez, Otto",124,0.5,0.5,0.27419354838709675,0.1935483870967742,0.03225806451612903,0.27419354838709675,0.41935483870967744,0.3064516129032258,0.20967741935483872,0.23387096774193547,0.056451612903225805,0.06451612903225803,0.18548387096774197,0.25
670223,"Mervis, Matt",71,0.36619718309859156,0.6338028169014085,0.352112676056338,0.14084507042253522,0.14084507042253522,0.49295774647887325,0.323943661971831,0.18309859154929578,0.2112676056338028,0.1267605633802817,0.028169014084507043,0.28169014084507044,0.1971830985915493,0.15492957746478875
691594,"Sanoja, Javier",102,0.46078431372549017,0.5392156862745099,0.18627450980392157,0.27450980392156865,0.0784313725490196,0.3137254901960784,0.46078431372549017,0.22549019607843138,0.1568627450980392,0.23529411764705882,0.06862745098039216,0.1568627450980392,0.22549019607843135,0.1568627450980392
673357,"Robert Jr., Luis",121,0.39669421487603307,0.6033057851239669,0.2892561983471074,0.19834710743801653,0.11570247933884298,0.45454545454545453,0.2892561983471074,0.256198347107438,0.2644628099173554,0.09090909090909091,0.04132231404958678,0.19008264462809915,0.1983471074380165,0.21487603305785122
681460,"Baldwin, Brooks",96,0.5208333333333334,0.47916666666666663,0.22916666666666666,0.19791666666666666,0.052083333333333336,0.4479166666666667,0.3333333333333333,0.21875,0.2916666666666667,0.19791666666666666,0.03125,0.15625,0.13541666666666666,0.1875
683734,"Vaughn, Andrew",143,0.4125874125874126,0.5874125874125874,0.2937062937062937,0.23076923076923078,0.06293706293706294,0.3776223776223776,0.3356643356643357,0.2867132867132867,0.17482517482517482,0.1958041958041958,0.04195804195804196,0.20279720279720279,0.13986013986013987,0.24475524475524477
669364,"Edwards, Xavier",140,0.4785714285714286,0.5214285714285715,0.22857142857142856,0.24285714285714285,0.05,0.2714285714285714,0.35714285714285715,0.37142857142857144,0.18571428571428572,0.2,0.09285714285714286,0.08571428571428569,0.15714285714285714,0.2785714285714286
666969,"García, Adolis",144,0.3194444444444444,0.6805555555555556,0.4027777777777778,0.16666666666666666,0.1111111111111111,0.375,0.3402777777777778,0.2847222222222222,0.16666666666666666,0.11805555555555555,0.034722222222222224,0.20833333333333334,0.22222222222222224,0.25
673962,"Jung, Josh",137,0.40145985401459855,0.5985401459854015,0.25547445255474455,0.27007299270072993,0.072992700729927,0.41605839416058393,0.3357664233576642,0.24817518248175183,0.26277372262773724,0.11678832116788321,0.021897810218978103,0.1532846715328467,0.218978102189781,0.22627737226277372
694671,"Langford, Wyatt",132,0.3712121212121212,0.6287878787878788,0.29545454545454547,0.23484848484848486,0.09848484848484848,0.4318181818181818,0.3409090909090909,0.22727272727272727,0.23484848484848486,0.10606060606060606,0.030303030303030304,0.19696969696969696,0.2348484848484848,0.19696969696969696
669394,"Burger, Jake",120,0.375,0.625,0.325,0.20833333333333334,0.09166666666666666,0.35,0.36666666666666664,0.2833333333333333,0.21666666666666667,0.125,0.03333333333333333,0.1333333333333333,0.24166666666666664,0.25
543760,"Semien, Marcus",155,0.34838709677419355,0.6516129032258065,0.34838709677419355,0.2064516129032258,0.0967741935483871,0.41935483870967744,0.36774193548387096,0.2129032258064516,0.21935483870967742,0.0967741935483871,0.03225806451612903,0.2,0.2709677419354839,0.18064516129032257
669701,"Smith, Josh",132,0.4318181818181818,0.5681818181818182,0.2196969696969697,0.23484848484848486,0.11363636363636363,0.32575757575757575,0.3712121212121212,0.30303030303030304,0.2196969696969697,0.1590909090909091,0.05303030303030303,0.10606060606060605,0.21212121212121213,0.25
641680,"Heim, Jonah",113,0.39823008849557523,0.6017699115044248,0.2920353982300885,0.22123893805309736,0.08849557522123894,0.37168141592920356,0.3805309734513274,0.24778761061946902,0.23008849557522124,0.12389380530973451,0.04424778761061947,0.14159292035398233,0.2566371681415929,0.20353982300884954
592626,"Pederson, Joc",94,0.4574468085106383,0.5425531914893617,0.2553191489361702,0.1702127659574468,0.11702127659574468,0.4148936170212766,0.3191489361702128,0.26595744680851063,0.2553191489361702,0.1276595744680851,0.07446808510638298,0.1595744680851064,0.1914893617021277,0.19148936170212766
677594,"Rodríguez, Julio",181,0.5082872928176796,0.49171270718232046,0.24861878453038674,0.17679558011049723,0.06629834254143646,0.40331491712707185,0.3701657458563536,0.2265193370165746,0.27624309392265195,0.1878453038674033,0.04419889502762431,0.1270718232044199,0.18232044198895028,0.18232044198895028
664238,"Moore, Dylan",91,0.37362637362637363,0.6263736263736264,0.2857142857142857,0.23076923076923078,0.10989010989010989,0.43956043956043955,0.3516483516483517,0.2087912087912088,0.1978021978021978,0.13186813186813187,0.04395604395604396,0.24175824175824176,0.2197802197802198,0.16483516483516483
663728,"Raleigh, Cal",140,0.25,0.75,0.38571428571428573,0.22857142857142856,0.1357142857142857,0.55,0.3142857142857143,0.1357142857142857,0.15714285714285714,0.07142857142857142,0.02142857142857143,0.3928571428571429,0.24285714285714285,0.11428571428571427
641487,"Crawford, J.P.",143,0.4125874125874126,0.5874125874125874,0.25874125874125875,0.2727272727272727,0.055944055944055944,0.3146853146853147,0.38461538461538464,0.3006993006993007,0.16783216783216784,0.16783216783216784,0.07692307692307693,0.14685314685314685,0.2167832167832168,0.22377622377622375
665750,"Taveras, Leody",108,0.3611111111111111,0.6388888888888888,0.23148148148148148,0.26851851851851855,0.1388888888888889,0.3055555555555556,0.37037037037037035,0.32407407407407407,0.12962962962962962,0.16666666666666666,0.06481481481481481,0.17592592592592596,0.2037037037037037,0.25925925925925924
668227,"Arozarena, Randy",127,0.3937007874015748,0.6062992125984252,0.2677165354330709,0.2440944881889764,0.09448818897637795,0.41732283464566927,0.33858267716535434,0.2440944881889764,0.16535433070866143,0.1732283464566929,0.05511811023622047,0.25196850393700787,0.16535433070866143,0.1889763779527559
642133,"Tellez, Rowdy",89,0.3595505617977528,0.6404494382022472,0.34831460674157305,0.20224719101123595,0.0898876404494382,0.33707865168539325,0.39325842696629215,0.2696629213483146,0.1348314606741573,0.15730337078651685,0.06741573033707865,0.20224719101123595,0.2359550561797753,0.20224719101123595
593871,"Polanco, Jorge",124,0.4274193548387097,0.5725806451612904,0.25806451612903225,0.24193548387096775,0.07258064516129033,0.5,0.3064516129032258,0.1935483870967742,0.25806451612903225,0.12096774193548387,0.04838709677419355,0.24193548387096775,0.18548387096774194,0.14516129032258063
810938,"Williamson, Ben",101,0.5445544554455446,0.45544554455445546,0.25742574257425743,0.1782178217821782,0.019801980198019802,0.24752475247524752,0.3465346534653465,0.40594059405940597,0.1782178217821782,0.24752475247524752,0.1188118811881188,0.06930693069306931,0.09900990099009899,0.28712871287128716
663538,"Hoerner, Nico",193,0.46113989637305697,0.538860103626943,0.23316062176165803,0.24352331606217617,0.06217616580310881,0.35751295336787564,0.37823834196891193,0.26424870466321243,0.20207253886010362,0.17616580310880828,0.08290155440414508,0.15544041450777202,0.20207253886010365,0.18134715025906734
663697,"India, Jonathan",161,0.35403726708074534,0.6459627329192547,0.3105590062111801,0.2608695652173913,0.07453416149068323,0.4968944099378882,0.2981366459627329,0.20496894409937888,0.2360248447204969,0.10559006211180125,0.012422360248447204,0.2608695652173913,0.19254658385093168,0.19254658385093168
677951,"Witt Jr., Bobby",186,0.3548387096774194,0.6451612903225807,0.2849462365591398,0.2956989247311828,0.06451612903225806,0.27419354838709675,0.3924731182795699,0.3333333333333333,0.14516129032258066,0.15053763440860216,0.05913978494623656,0.1290322580645161,0.24193548387096772,0.27419354838709675
672580,"Garcia, Maikel",173,0.4393063583815029,0.5606936416184971,0.2023121387283237,0.28901734104046245,0.06936416184971098,0.35260115606936415,0.41040462427745666,0.23699421965317918,0.19653179190751446,0.1907514450867052,0.05202312138728324,0.1560693641618497,0.21965317919075147,0.18497109826589594
686469,"Pasquantino, Vinnie",181,0.39226519337016574,0.6077348066298343,0.3149171270718232,0.2265193370165746,0.06629834254143646,0.4585635359116022,0.34806629834254144,0.19337016574585636,0.20441988950276244,0.15469613259668508,0.03314917127071823,0.2541436464088398,0.19337016574585636,0.16022099447513813
521692,"Perez, Salvador",163,0.3803680981595092,0.6196319018404909,0.3067484662576687,0.25766871165644173,0.05521472392638037,0.4601226993865031,0.3619631901840491,0.17791411042944785,0.2147239263803681,0.15337423312883436,0.012269938650306749,0.24539877300613497,0.20858895705521474,0.1656441717791411
671221,"Waters, Drew",103,0.47572815533980584,0.5242718446601942,0.20388349514563106,0.2815533980582524,0.038834951456310676,0.3883495145631068,0.3786407766990291,0.23300970873786409,0.23300970873786409,0.21359223300970873,0.02912621359223301,0.1553398058252427,0.1650485436893204,0.2038834951456311
686681,"Massey, Michael",160,0.3125,0.6875,0.2875,0.25,0.15,0.46875,0.3,0.23125,0.225,0.075,0.0125,0.24375,0.22499999999999998,0.21875
664728,"Isbel, Kyle",115,0.4782608695652174,0.5217391304347826,0.16521739130434782,0.19130434782608696,0.16521739130434782,0.3739130434782609,0.391304347826087,0.23478260869565218,0.19130434782608696,0.21739130434782608,0.06956521739130435,0.1826086956521739,0.1739130434782609,0.16521739130434782
608070,"Ramírez, José",183,0.30601092896174864,0.6939890710382514,0.31693989071038253,0.2459016393442623,0.13114754098360656,0.453551912568306,0.3442622950819672,0.20218579234972678,0.18579234972677597,0.08196721311475409,0.03825136612021858,0.26775956284153,0.26229508196721313,0.1639344262295082
672356,"Arias, Gabriel",125,0.536,0.46399999999999997,0.248,0.176,0.04,0.408,0.376,0.216,0.272,0.208,0.056,0.13599999999999995,0.168,0.16
680757,"Kwan, Steven",196,0.4642857142857143,0.5357142857142857,0.23979591836734693,0.2857142857142857,0.01020408163265306,0.29081632653061223,0.413265306122449,0.29591836734693877,0.14285714285714285,0.20408163265306123,0.11734693877551021,0.14795918367346939,0.20918367346938777,0.17857142857142855
467793,"Santana, Carlos",146,0.4726027397260274,0.5273972602739726,0.19863013698630136,0.19863013698630136,0.13013698630136986,0.547945205479452,0.3082191780821918,0.14383561643835616,0.3013698630136986,0.136986301369863,0.03424657534246575,0.2465753424657534,0.17123287671232879,0.1095890410958904
682177,"Schneemann, Daniel",89,0.550561797752809,0.449438202247191,0.24719101123595505,0.14606741573033707,0.056179775280898875,0.4157303370786517,0.38202247191011235,0.20224719101123595,0.30337078651685395,0.19101123595505617,0.056179775280898875,0.11235955056179775,0.19101123595505617,0.14606741573033707
666134,"Jones, Nolan",93,0.41935483870967744,0.5806451612903226,0.24731182795698925,0.24731182795698925,0.08602150537634409,0.3010752688172043,0.40860215053763443,0.2903225806451613,0.16129032258064516,0.1827956989247312,0.07526881720430108,0.13978494623655915,0.22580645161290325,0.21505376344086025
682657,"Martínez, Angel",118,0.4915254237288136,0.5084745762711864,0.2542372881355932,0.17796610169491525,0.07627118644067797,0.4406779661016949,0.4067796610169492,0.15254237288135594,0.22033898305084745,0.23728813559322035,0.03389830508474576,0.22033898305084745,0.16949152542372883,0.11864406779661019
666310,"Naylor, Bo",92,0.29347826086956524,0.7065217391304348,0.33695652173913043,0.1956521739130435,0.17391304347826086,0.45652173913043476,0.33695652173913043,0.20652173913043478,0.20652173913043478,0.05434782608695652,0.03260869565217391,0.24999999999999997,0.2826086956521739,0.17391304347826086
700932,"Manzardo, Kyle",120,0.30833333333333335,0.6916666666666667,0.39166666666666666,0.175,0.125,0.425,0.35,0.225,0.16666666666666666,0.125,0.016666666666666666,0.2583333333333333,0.22499999999999998,0.20833333333333334
545361,"Trout, Mike",75,0.30666666666666664,0.6933333333333334,0.41333333333333333,0.21333333333333335,0.06666666666666667,0.36,0.3466666666666667,0.29333333333333333,0.17333333333333334,0.06666666666666667,0.06666666666666667,0.18666666666666665,0.28,0.22666666666666668
700250,"Rice, Ben",124,0.43548387096774194,0.564516129032258,0.28225806451612906,0.24193548387096775,0.04032258064516129,0.5161290322580645,0.2903225806451613,0.1935483870967742,0.23387096774193547,0.14516129032258066,0.056451612903225805,0.282258064516129,0.14516129032258066,0.13709677419354838
641355,"Bellinger, Cody",157,0.29936305732484075,0.7006369426751593,0.37579617834394907,0.2484076433121019,0.07643312101910828,0.40764331210191085,0.34394904458598724,0.2484076433121019,0.15286624203821655,0.11464968152866242,0.03184713375796178,0.2547770700636943,0.22929936305732482,0.21656050955414013
502671,"Goldschmidt, Paul",173,0.3930635838150289,0.6069364161849711,0.24277456647398843,0.3063583815028902,0.057803468208092484,0.3988439306358382,0.3468208092485549,0.2543352601156069,0.20809248554913296,0.1329479768786127,0.05202312138728324,0.19075144508670522,0.2138728323699422,0.20231213872832368
592450,"Judge, Aaron",158,0.379746835443038,0.6202531645569621,0.35443037974683544,0.24050632911392406,0.02531645569620253,0.41139240506329117,0.3227848101265823,0.26582278481012656,0.25316455696202533,0.10759493670886076,0.0189873417721519,0.15822784810126583,0.2151898734177215,0.24683544303797467
683011,"Volpe, Anthony",148,0.43243243243243246,0.5675675675675677,0.27702702702702703,0.22972972972972974,0.060810810810810814,0.2905405405405405,0.42567567567567566,0.28378378378378377,0.18243243243243243,0.20945945945945946,0.04054054054054054,0.10810810810810809,0.2162162162162162,0.24324324324324323
691176,"Domínguez, Jasson",107,0.4205607476635514,0.5794392523364486,0.2616822429906542,0.2336448598130841,0.08411214953271028,0.40186915887850466,0.308411214953271,0.2897196261682243,0.24299065420560748,0.14018691588785046,0.037383177570093455,0.1588785046728972,0.16822429906542055,0.2523364485981308
663757,"Grisham, Trent",120,0.3416666666666667,0.6583333333333333,0.36666666666666664,0.2,0.09166666666666666,0.4583333333333333,0.2916666666666667,0.25,0.21666666666666667,0.09166666666666666,0.03333333333333333,0.24166666666666664,0.2,0.21666666666666667
669224,"Wells, Austin",121,0.33884297520661155,0.6611570247933884,0.34710743801652894,0.2231404958677686,0.09090909090909091,0.36363636363636365,0.3305785123966942,0.30578512396694213,0.15702479338842976,0.12396694214876033,0.05785123966942149,0.2066115702479339,0.2066115702479339,0.24793388429752064
666971,"Gurriel Jr., Lourdes",182,0.3791208791208791,0.6208791208791209,0.2802197802197802,0.24175824175824176,0.0989010989010989,0.3901098901098901,0.33516483516483514,0.27472527472527475,0.19230769230769232,0.10989010989010989,0.07692307692307693,0.1978021978021978,0.22527472527472525,0.19780219780219782
682998,"Carroll, Corbin",170,0.4,0.6000000000000001,0.34705882352941175,0.17647058823529413,0.07647058823529412,0.4117647058823529,0.38235294117647056,0.20588235294117646,0.19411764705882353,0.17647058823529413,0.029411764705882353,0.2176470588235294,0.20588235294117643,0.1764705882352941
672695,"Perdomo, Geraldo",180,0.4222222222222222,0.5777777777777777,0.2611111111111111,0.25555555555555554,0.06111111111111111,0.37777777777777777,0.3388888888888889,0.2833333333333333,0.2111111111111111,0.15555555555555556,0.05555555555555555,0.16666666666666666,0.18333333333333335,0.22777777777777777
553993,"Suárez, Eugenio",152,0.2894736842105263,0.7105263157894737,0.3815789473684211,0.23684210526315788,0.09210526315789473,0.4407894736842105,0.375,0.18421052631578946,0.17105263157894737,0.1118421052631579,0.006578947368421052,0.26973684210526316,0.2631578947368421,0.17763157894736842
606466,"Marte, Ketel",93,0.5053763440860215,0.4946236559139785,0.22580645161290322,0.1827956989247312,0.08602150537634409,0.5053763440860215,0.3655913978494624,0.12903225806451613,0.3010752688172043,0.1827956989247312,0.021505376344086023,0.2043010752688172,0.1827956989247312,0.1075268817204301
647304,"Naylor, Josh",188,0.4787234042553192,0.5212765957446808,0.22872340425531915,0.25,0.0425531914893617,0.42021276595744683,0.3776595744680851,0.20212765957446807,0.22340425531914893,0.19680851063829788,0.05851063829787234,0.1968085106382979,0.18085106382978725,0.14361702127659573
656976,"Smith, Pavin",93,0.4838709677419355,0.5161290322580645,0.22580645161290322,0.26881720430107525,0.021505376344086023,0.41935483870967744,0.3225806451612903,0.25806451612903225,0.22580645161290322,0.1935483870967742,0.06451612903225806,0.19354838709677422,0.12903225806451613,0.1935483870967742
677950,"Thomas, Alek",107,0.5700934579439252,0.42990654205607476,0.19626168224299065,0.205607476635514,0.028037383177570093,0.37383177570093457,0.42990654205607476,0.19626168224299065,0.2803738317757009,0.24299065420560748,0.04672897196261682,0.09345794392523366,0.18691588785046728,0.14953271028037382
672515,"Moreno, Gabriel",122,0.4918032786885246,0.5081967213114754,0.26229508196721313,0.21311475409836064,0.03278688524590164,0.319672131147541,0.3524590163934426,0.32786885245901637,0.2459016393442623,0.16393442622950818,0.08196721311475409,0.07377049180327871,0.18852459016393444,0.2459016393442623
623993,"Santander, Anthony",130,0.36923076923076925,0.6307692307692307,0.26153846153846155,0.23846153846153847,0.13076923076923078,0.5,0.3153846153846154,0.18461538461538463,0.19230769230769232,0.16153846153846155,0.015384615384615385,0.3076923076923077,0.15384615384615383,0.16923076923076924
670764,"Walls, Taylor",101,0.44554455445544555,0.5544554455445545,0.27722772277227725,0.2079207920792079,0.06930693069306931,0.3465346534653465,0.31683168316831684,0.33663366336633666,0.21782178217821782,0.1782178217821782,0.04950495049504951,0.1287128712871287,0.13861386138613863,0.28712871287128716
650490,"Díaz, Yandy",183,0.5573770491803278,0.4426229508196721,0.19672131147540983,0.20218579234972678,0.04371584699453552,0.26229508196721313,0.4262295081967213,0.3114754098360656,0.22404371584699453,0.2459016393442623,0.08743169398907104,0.038251366120218594,0.180327868852459,0.22404371584699456
666018,"Aranda, Jonathan",124,0.46774193548387094,0.532258064516129,0.24193548387096775,0.25,0.04032258064516129,0.3870967741935484,0.3709677419354839,0.24193548387096775,0.1935483870967742,0.21774193548387097,0.056451612903225805,0.1935483870967742,0.1532258064516129,0.18548387096774194
676609,"Caballero, José",88,0.3181818181818182,0.6818181818181818,0.25,0.3409090909090909,0.09090909090909091,0.4090909090909091,0.3522727272727273,0.23863636363636365,0.17045454545454544,0.11363636363636363,0.03409090909090909,0.23863636363636367,0.23863636363636365,0.20454545454545456
666624,"Morel, Christopher",75,0.37333333333333335,0.6266666666666667,0.38666666666666666,0.13333333333333333,0.10666666666666667,0.5733333333333334,0.29333333333333333,0.13333333333333333,0.32,0.04,0.013333333333333334,0.25333333333333335,0.25333333333333335,0.12
670224,"Misner, Kameron",103,0.4174757281553398,0.5825242718446602,0.2524271844660194,0.27184466019417475,0.05825242718446602,0.3786407766990291,0.3592233009708738,0.2621359223300971,0.20388349514563106,0.14563106796116504,0.06796116504854369,0.17475728155339806,0.21359223300970875,0.1941747572815534
691406,"Caminero, Junior",166,0.5120481927710844,0.4879518072289157,0.20481927710843373,0.21084337349397592,0.07228915662650602,0.40963855421686746,0.40963855421686746,0.18072289156626506,0.20481927710843373,0.25301204819277107,0.05421686746987952,0.20481927710843373,0.1566265060240964,0.12650602409638553
664040,"Lowe, Brandon",144,0.3819444444444444,0.6180555555555556,0.25,0.2916666666666667,0.0763888888888889,0.4722222222222222,0.2986111111111111,0.22916666666666666,0.2222222222222222,0.13194444444444445,0.027777777777777776,0.25,0.16666666666666666,0.2013888888888889
802415,"Simpson, Chandler",111,0.5675675675675675,0.43243243243243246,0.08108108108108109,0.3153153153153153,0.036036036036036036,0.2882882882882883,0.45045045045045046,0.26126126126126126,0.18018018018018017,0.25225225225225223,0.13513513513513514,0.10810810810810811,0.19819819819819823,0.12612612612612611
691016,"Soderstrom, Tyler",157,0.445859872611465,0.554140127388535,0.2802547770700637,0.2484076433121019,0.025477707006369428,0.3885350318471338,0.39490445859872614,0.21656050955414013,0.2356687898089172,0.1592356687898089,0.050955414012738856,0.15286624203821658,0.23566878980891723,0.1656050955414013
667670,"Rooker, Brent",172,0.4069767441860465,0.5930232558139534,0.3313953488372093,0.20930232558139536,0.05232558139534884,0.4127906976744186,0.37209302325581395,0.21511627906976744,0.23255813953488372,0.13953488372093023,0.03488372093023256,0.1802325581395349,0.23255813953488372,0.18023255813953487
805779,"Wilson, Jacob",202,0.5643564356435643,0.43564356435643564,0.15841584158415842,0.2376237623762376,0.039603960396039604,0.3316831683168317,0.4405940594059406,0.22772277227722773,0.20297029702970298,0.28217821782178215,0.07920792079207921,0.12871287128712872,0.15841584158415845,0.14851485148514854
649966,"Urías, Luis",111,0.45045045045045046,0.5495495495495496,0.2702702702702703,0.21621621621621623,0.06306306306306306,0.38738738738738737,0.3963963963963964,0.21621621621621623,0.1981981981981982,0.16216216216216217,0.09009009009009009,0.18918918918918917,0.23423423423423423,0.12612612612612614
669127,"Langeliers, Shea",154,0.461038961038961,0.5389610389610389,0.2792207792207792,0.21428571428571427,0.045454545454545456,0.37012987012987014,0.4090909090909091,0.22077922077922077,0.2012987012987013,0.2077922077922078,0.05194805194805195,0.16883116883116883,0.2012987012987013,0.16883116883116883
609280,"Andujar, Miguel",143,0.4755244755244755,0.5244755244755245,0.22377622377622378,0.23076923076923078,0.06993006993006994,0.34265734265734266,0.46153846153846156,0.1958041958041958,0.1958041958041958,0.2517482517482518,0.027972027972027972,0.14685314685314685,0.2097902097902098,0.16783216783216784
671732,"Butler, Lawrence",157,0.42038216560509556,0.5796178343949044,0.267515923566879,0.267515923566879,0.044585987261146494,0.3375796178343949,0.3885350318471338,0.27388535031847133,0.2229299363057325,0.15286624203821655,0.044585987261146494,0.1146496815286624,0.23566878980891723,0.22929936305732485
643376,"Jansen, Danny",84,0.2976190476190476,0.7023809523809523,0.2976190476190476,0.20238095238095238,0.20238095238095238,0.4523809523809524,0.40476190476190477,0.14285714285714285,0.15476190476190477,0.09523809523809523,0.047619047619047616,0.2976190476190476,0.30952380952380953,0.09523809523809523
668709,"Bleday, JJ",127,0.33858267716535434,0.6614173228346456,0.3228346456692913,0.2047244094488189,0.13385826771653545,0.48031496062992124,0.3779527559055118,0.14173228346456693,0.2047244094488189,0.12598425196850394,0.007874015748031496,0.2755905511811023,0.25196850393700787,0.13385826771653542
665828,"Cabrera, Oswaldo",84,0.5119047619047619,0.48809523809523814,0.14285714285714285,0.27380952380952384,0.07142857142857142,0.4166666666666667,0.36904761904761907,0.21428571428571427,0.27380952380952384,0.21428571428571427,0.023809523809523808,0.14285714285714285,0.1547619047619048,0.19047619047619047
665926,"Giménez, Andrés",103,0.47572815533980584,0.5242718446601942,0.2621359223300971,0.23300970873786409,0.02912621359223301,0.34951456310679613,0.4368932038834951,0.21359223300970873,0.1941747572815534,0.23300970873786409,0.04854368932038835,0.15533980582524273,0.20388349514563103,0.16504854368932037
670541,"Alvarez, Yordan",84,0.3333333333333333,0.6666666666666666,0.30952380952380953,0.25,0.10714285714285714,0.4523809523809524,0.2857142857142857,0.2619047619047619,0.20238095238095238,0.10714285714285714,0.023809523809523808,0.25,0.17857142857142855,0.2380952380952381
665862,"Chisholm Jr., Jazz",67,0.373134328358209,0.6268656716417911,0.373134328358209,0.13432835820895522,0.11940298507462686,0.3880597014925373,0.4626865671641791,0.14925373134328357,0.208955223880597,0.14925373134328357,0.014925373134328358,0.17910447761194032,0.31343283582089554,0.13432835820895522