"player_id","player_name","year","team_id","run_value","run_value_fielding","run_value_fielding","run_value_range","run_value_arm","run_value_catching","run_value_framing","run_value_stealing","run_value_blocks","outs","outs_2","outs_3","outs_4","outs_5","outs_6","outs_7","outs_8","outs_9"
691718,"Crow-Armstrong, Pete",2025,112,9.427735588455826,9.427735588455826,9.427735588455826,7.855830000000001,1.571905588455826,0,,,,1535,0,0,0,0,0,0,1535,0
678882,"Rafaela, Ceddanne",2025,111,8.845582998380998,8.845582998380998,8.845582998380998,7.11009,1.7354929983809977,0,,,,1363,0,0,0,0,0,0,1363,0
669397,"Allen, Nick",2025,144,8.1041059339763,8.1041059339763,8.1041059339763,8.326470606205122,-0.22236467222882256,0,,,,1169,0,0,0,0,1169,0,0,0
676391,"Clement, Ernie",2025,141,7.954207504711925,7.954207504711925,7.954207504711925,7.954207504711925,,0,,,,1206,0,54,418,659,75,0,0,0
672275,"Bailey, Patrick",2025,137,7.893968664427384,,,,,7.893968664427384,4.537041402730426,2.8168679925567885,0.5400592691401701,1082,1082,0,0,0,0,0,0,0
665487,"Tatis Jr., Fernando",2025,135,7.578049066021695,7.578049066021695,7.578049066021695,6.14466,1.433389066021695,0,,,,1314,0,0,0,0,0,0,0,1314
672386,"Kirk, Alejandro",2025,141,7.547433535488381,,,,,7.547433535488381,4.019746401859697,2.253614894763589,1.2740722388650956,1095,1095,0,0,0,0,0,0,0
677951,"Witt Jr., Bobby",2025,118,6.690120066810557,6.690120066810557,6.690120066810557,6.689547382551219,0.0005726842593376524,0,,,,1516,0,0,0,0,1516,0,0,0
677594,"Rodríguez, Julio",2025,136,6.22554328232598,6.22554328232598,6.22554328232598,5.3154900000000005,0.9100532823259802,0,,,,1475,0,0,0,0,0,0,1475,0
670224,"Misner, Kameron",2025,139,6.080835972729921,6.080835972729921,6.080835972729921,4.65912,1.4217159727299213,0,,,,1151,0,0,0,0,0,87,734,330
672515,"Moreno, Gabriel",2025,109,6.032538995162286,,,,,6.032538995162286,3.896310745851558,0.8760786038057946,1.2601496455049335,1040,1040,0,0,0,0,0,0,0
665966,"Narváez, Carlos",2025,111,5.935579971908373,,,,,5.935579971908373,3.7528395436662474,0.7685531480550383,1.414187280187088,1087,1087,0,0,0,0,0,0,0
693307,"Dingler, Dillon",2025,116,5.528057130892764,,,,,5.528057130892764,3.4554756006652076,-0.24645649085675228,2.3190380210843085,1054,1054,0,0,0,0,0,0,0
691026,"Winn, Masyn",2025,138,5.489702508414564,5.489702508414564,5.489702508414564,5.591734981149587,-0.10203247273502343,0,,,,1169,0,0,0,0,1169,0,0,0
669242,"Edman, Tommy",2025,119,5.443732670708767,5.443732670708767,5.443732670708767,3.801747894691649,1.6419847760171182,0,,,,1011,0,0,696,0,0,0,315,0
687363,"Scott II, Victor",2025,138,5.347024043887706,5.347024043887706,5.347024043887706,6.9580800000000025,-1.6110559561122966,0,,,,1370,0,0,0,0,0,63,1279,28
681624,"Pages, Andy",2025,119,5.262332926628676,5.262332926628676,5.262332926628676,3.5153999999999987,1.746932926628677,0,,,,1401,0,0,0,0,0,165,804,432
671739,"Harris II, Michael",2025,144,5.082482106206645,5.082482106206645,5.082482106206645,5.0831100000000005,-0.0006278937933555367,0,,,,1467,0,0,0,0,0,0,1467,0
663647,"Hayes, Ke'Bryan",2025,134,4.941613589973556,4.941613589973556,4.941613589973556,4.941613589973556,,0,,,,1416,0,0,0,1416,0,0,0,0
643289,"Dubón, Mauricio",2025,117,4.740732269016094,4.740732269016094,4.740732269016094,4.942146580815722,-0.2014143117996273,0,,,,755,0,9,519,60,21,98,24,24
621438,"Taylor, Tyrone",2025,121,4.662345121985882,4.662345121985882,4.662345121985882,3.188339999999999,1.4740051219858834,0,,,,1161,0,0,0,0,0,9,1149,3
672640,"Lopez, Otto",2025,146,4.566531354180143,4.566531354180143,4.566531354180143,4.578533610273978,-0.012002256093834651,0,,,,1004,0,0,796,0,208,0,0,0
621043,"Correa, Carlos",2025,142,4.5189923399155525,4.5189923399155525,4.5189923399155525,4.559678455447541,-0.04068611553198884,0,,,,1148,0,0,0,0,1148,0,0,0
641355,"Bellinger, Cody",2025,147,4.440776817032448,4.440776817032448,4.440776817032448,3.054739816323303,1.3860370007091458,0,,,,1287,0,6,0,0,0,539,417,325
621439,"Buxton, Byron",2025,142,4.3172094908131555,4.3172094908131555,4.3172094908131555,3.6219599999999996,0.6952494908131555,0,,,,1033,0,0,0,0,0,0,1033,0
677800,"Abreu, Wilyer",2025,111,4.2710981076354155,4.2710981076354155,4.2710981076354155,3.7350900000000005,0.5360081076354155,0,,,,1326,0,0,0,0,0,0,0,1326
664056,"Bader, Harrison",2025,142,4.140621591218939,4.140621591218939,4.140621591218939,4.21551,-0.07488840878106083,0,,,,1072,0,0,0,0,0,730,219,123
669224,"Wells, Austin",2025,147,4.12841584602452,,,,,4.12841584602452,4.709492632799341,-0.48887151368478066,-0.09220527309003983,1114,1114,0,0,0,0,0,0,0
621566,"Olson, Matt",2025,144,4.039566833095148,4.039566833095148,4.039566833095148,4.039566833095148,,0,,,,1482,0,1482,0,0,0,0,0,0
641313,"Anderson, Tim",2025,108,4.024232984496401,4.024232984496401,4.024232984496401,4.025712333756895,-0.0014793492604942766,0,,,,678,0,0,375,0,303,0,0,0
664702,"Straw, Myles",2025,141,3.9262019807087514,3.9262019807087514,3.9262019807087514,3.7423298684771855,0.18387211223156577,0,,,,701,0,0,6,0,0,153,533,9
663538,"Hoerner, Nico",2025,112,3.91602384668246,3.91602384668246,3.91602384668246,3.965186921003992,-0.049163074321531684,0,,,,1412,0,0,1412,0,0,0,0,0
592450,"Judge, Aaron",2025,147,3.6087641459247095,3.6087641459247095,3.6087641459247095,1.2415499999999997,2.36721414592471,0,,,,1094,0,0,0,0,0,0,0,1094
543760,"Semien, Marcus",2025,140,3.334565889689458,3.334565889689458,3.334565889689458,3.334565889689458,,0,,,,1474,0,0,1474,0,0,0,0,0
661388,"Contreras, William",2025,158,3.3280078241649313,,,,,3.3280078241649313,0.5486161332936298,2.575252285284687,0.20413940558661461,1243,1240,0,0,0,0,3,0,0
686555,"Collins, Isaac",2025,158,3.2008114529539773,3.2008114529539773,3.2008114529539773,2.9129399999999994,0.287871452953978,0,,,,647,0,0,6,1,0,634,0,6
641857,"McMahon, Ryan",2025,115,3.1875971301122084,3.1875971301122084,3.1875971301122084,2.9186364097076645,0.268960720404544,0,,,,1387,0,0,0,1387,0,0,0,0
682998,"Carroll, Corbin",2025,109,3.186801093524507,3.186801093524507,3.186801093524507,2.8466099999999996,0.3401910935245072,0,,,,1484,0,0,0,0,0,0,0,1484
681082,"Stott, Bryson",2025,143,3.1245396884639747,3.1245396884639747,3.1245396884639747,2.915269826478306,0.2092698619856687,0,,,,1265,0,0,1265,0,0,0,0,0
686469,"Pasquantino, Vinnie",2025,118,3.072581485356722,3.072581485356722,3.072581485356722,3.072581485356722,,0,,,,1029,0,1029,0,0,0,0,0,0
676694,"Meyers, Jake",2025,117,3.0693627599829933,3.0693627599829933,3.0693627599829933,4.21551,-1.1461472400170067,0,,,,1327,0,0,0,0,0,0,1327,0
686668,"Doyle, Brenton",2025,115,3.054734610281276,3.054734610281276,3.054734610281276,2.75571,0.29902461028127614,0,,,,1147,0,0,0,0,0,0,1147,0
664728,"Isbel, Kyle",2025,118,3.0463758306783864,3.0463758306783864,3.0463758306783864,2.464559999999999,0.5818158306783873,0,,,,1141,0,0,0,0,0,0,1141,0
571448,"Arenado, Nolan",2025,138,2.9860875042977293,2.9860875042977293,2.9860875042977293,2.9860875042977293,,0,,,,1328,0,0,0,1328,0,0,0,0
672695,"Perdomo, Geraldo",2025,109,2.871284195158071,2.871284195158071,2.871284195158071,2.871284195158071,,0,,,,1478,0,0,0,0,1478,0,0,0
663728,"Raleigh, Cal",2025,136,2.8436484701239335,,,,,2.8436484701239335,2.587211050583592,-0.6133817117742424,0.869819131314584,1196,1196,0,0,0,0,0,0,0
702176,"Roden, Alan",2025,141,2.7726439961954075,2.7726439961954075,2.7726439961954075,1.22175,1.5508939961954076,0,,,,614,0,0,0,0,0,485,9,120
805367,"Meidroth, Chase",2025,145,2.6909188260167785,2.6909188260167785,2.6909188260167785,2.691637312664702,-0.0007184866479237435,0,,,,837,0,0,160,0,677,0,0,0
620443,"Torrens, Luis",2025,121,2.662747516942709,,,,,2.662747516942709,0.07221348025153512,2.6435325642214105,-0.052998527530236414,710,704,6,0,0,0,0,0,0
680718,"Barger, Addison",2025,141,2.6426492397287213,2.6426492397287213,2.6426492397287213,0.571779842260955,2.0708693974677663,0,,,,808,0,0,0,607,0,0,0,201
673962,"Jung, Josh",2025,140,2.6363433649991346,2.6363433649991346,2.6363433649991346,2.6363433649991346,,0,,,,1261,0,0,0,1261,0,0,0,0
701538,"Merrill, Jackson",2025,135,2.6125247584915967,2.6125247584915967,2.6125247584915967,1.445490000000001,1.1670347584915957,0,,,,804,0,0,0,0,0,0,804,0
595879,"Báez, Javier",2025,116,2.5850348613853837,2.5850348613853837,2.5850348613853837,2.2887627376258655,0.29627212375951834,0,,,,1140,0,0,3,280,129,0,728,0
686780,"Pagés, Pedro",2025,138,2.528164002724541,0.08159904621494557,0.08159904621494557,0.08159904621494557,,2.446564956509595,0.6637751442566446,1.2951633743777629,0.48762643787518756,968,953,3,12,0,0,0,0,0
656305,"Chapman, Matt",2025,137,2.516054539620767,2.516054539620767,2.516054539620767,2.516054539620767,,0,,,,1464,0,0,0,1464,0,0,0,0
467793,"Santana, Carlos",2025,114,2.507527322712397,2.507527322712397,2.507527322712397,2.507527322712397,,0,,,,1076,0,1076,0,0,0,0,0,0
701358,"Smith, Cam",2025,117,2.504933191360643,2.504933191360643,2.504933191360643,3.6162899999999993,-1.1113568086393564,0,,,,1118,0,0,0,0,0,0,0,1118
682177,"Schneemann, Daniel",2025,114,2.4685376077137464,2.4685376077137464,2.4685376077137464,2.7063275460099705,-0.2377899382962242,0,,,,974,0,0,736,45,33,54,67,39
669707,"Triolo, Jared",2025,134,2.3611418143609013,2.3611418143609013,2.3611418143609013,2.3611418143609013,,0,,,,779,0,140,240,105,294,0,0,0
676609,"Caballero, José",2025,139,2.3555530739788226,2.3555530739788226,2.3555530739788226,2.860245587828761,-0.5046925138499383,0,,,,1045,0,0,36,138,456,6,24,385
808982,"Lee, Jung Hoo",2025,137,2.313651594837326,2.313651594837326,2.313651594837326,0.5852700000000001,1.7283815948373262,0,,,,1410,0,0,0,0,0,0,1410,0
605141,"Betts, Mookie",2025,119,2.29975847829302,2.29975847829302,2.29975847829302,2.29975847829302,,0,,,,1341,0,0,0,0,1341,0,0,0
656716,"McKinstry, Zach",2025,116,2.295958867881712,2.295958867881712,2.295958867881712,2.159097726910121,0.13686114097159102,0,,,,1284,0,0,37,446,84,177,0,540
665862,"Chisholm Jr., Jazz",2025,147,2.293604484369861,2.293604484369861,2.293604484369861,2.2937297793583955,-0.00012529498853474817,0,,,,753,0,0,753,0,0,0,0,0
670764,"Walls, Taylor",2025,139,2.2253442931768666,2.2253442931768666,2.2253442931768666,2.0368026489276514,0.18854164424921507,0,,,,1075,0,0,0,0,1075,0,0,0
666969,"García, Adolis",2025,140,2.120768941880666,2.120768941880666,2.120768941880666,2.7611100000000004,-0.6403410581193347,0,,,,1416,0,0,0,0,0,0,0,1416
677347,"Paris, Kyren",2025,108,2.084582847095403,2.084582847095403,2.084582847095403,1.5844212460470872,0.5001616010483155,0,,,,1017,0,0,462,0,0,6,549,0
575929,"Contreras, Willson",2025,138,2.0825914305878874,2.0825914305878874,2.0825914305878874,2.0825914305878874,,0,,,,1021,0,1021,0,0,0,0,0,0
665839,"Valdez, Enmanuel",2025,134,2.009398588086177,2.009398588086177,2.009398588086177,2.009398588086177,,0,,,,631,0,570,60,0,0,0,0,1
669127,"Langeliers, Shea",2025,133,1.9555104922049331,,,,,1.9555104922049331,1.0765287746433185,0.10289937697646163,0.776082340585153,1219,1219,0,0,0,0,0,0,0
686217,"Frelick, Sal",2025,158,1.9279934083127745,1.9279934083127745,1.9279934083127745,0.5872003709824147,1.3407930373303598,0,,,,1353,0,0,0,3,0,0,180,1170
694192,"Chourio, Jackson",2025,158,1.9058423166618073,1.9058423166618073,1.9058423166618073,2.8026,-0.8967576833381928,0,,,,1486,0,0,0,0,0,479,821,186
664034,"France, Ty",2025,142,1.9033523378810713,1.9033523378810713,1.9033523378810713,1.9033523378810713,,0,,,,1368,0,1368,0,0,0,0,0,0
571771,"Hernández, Enrique",2025,119,1.9004065893375215,1.9004065893375215,1.9004065893375215,1.8929460345504419,0.007460554787079611,0,,,,813,0,372,192,147,0,36,66,0
665161,"Peña, Jeremy",2025,117,1.8622746884164196,1.8622746884164196,1.8622746884164196,1.549819020005791,0.31245566841062844,0,,,,1483,0,0,0,0,1483,0,0,0
665926,"Giménez, Andrés",2025,141,1.8480163280919288,1.8480163280919288,1.8480163280919288,1.8480163280919288,,0,,,,916,0,0,916,0,0,0,0,0
696285,"Young, Jacob",2025,120,1.836943030044935,1.836943030044935,1.836943030044935,2.0382299999999995,-0.20128696995506454,0,,,,927,0,0,0,0,0,0,927,0
680574,"McLain, Matt",2025,113,1.795434242884578,1.795434242884578,1.795434242884578,1.809570953182314,-0.01413671029773608,0,,,,1181,0,0,1181,0,0,0,0,0
666310,"Naylor, Bo",2025,114,1.787499059923098,,,,,1.787499059923098,2.4648569468545105,-0.2556918743694882,-0.4216660125619244,1004,1004,0,0,0,0,0,0,0
683146,"Baty, Brett",2025,121,1.720687497967397,1.720687497967397,1.720687497967397,1.720687497967397,,0,,,,831,0,0,351,480,0,0,0,0
688363,"Pauley, Graham",2025,146,1.6944476835235842,1.6944476835235842,1.6944476835235842,1.6944476835235842,,0,,,,620,0,17,60,543,0,0,0,0
679032,"Rojas, Johan",2025,143,1.693762147812596,1.693762147812596,1.693762147812596,2.3490000000000006,-0.6552378521874048,0,,,,786,0,0,0,0,0,0,786,0
518692,"Freeman, Freddie",2025,119,1.6871046285693396,1.6871046285693396,1.6871046285693396,1.6871046285693396,,0,,,,1143,0,1143,0,0,0,0,0,0
669289,"Espinal, Santiago",2025,113,1.6206594480924081,1.6206594480924081,1.6206594480924081,1.6528170663522888,-0.032157618259880595,0,,,,1154,0,0,213,752,18,84,0,87
669221,"Murphy, Sean",2025,144,1.5192925311395762,,,,,1.5192925311395762,0.22246116790808085,0.4102946337894584,0.886536729442037,796,796,0,0,0,0,0,0,0
602104,"Urías, Ramón",2025,110,1.511781729138193,1.511781729138193,1.511781729138193,1.511781729138193,,0,,,,850,0,0,27,823,0,0,0,0
667472,"Myers, Dane",2025,146,1.5106551343372367,1.5106551343372367,1.5106551343372367,-0.6842700000000003,2.194925134337237,0,,,,619,0,0,0,0,0,0,532,87
593428,"Bogaerts, Xander",2025,135,1.3764700004292865,1.3764700004292865,1.3764700004292865,1.1189511066356093,0.25751889379367715,0,,,,1388,0,0,0,0,1388,0,0,0
608324,"Bregman, Alex",2025,111,1.304594762846177,1.304594762846177,1.304594762846177,1.304594762846177,,0,,,,1340,0,0,0,1340,0,0,0,0
607208,"Turner, Trea",2025,143,1.3042944563560157,1.3042944563560157,1.3042944563560157,1.0402260721902181,0.2640683841657977,0,,,,1451,0,0,0,0,1451,0,0,0
683011,"Volpe, Anthony",2025,147,1.2874336845714964,1.2874336845714964,1.2874336845714964,0.9044378750005473,0.38299580957094903,0,,,,1446,0,0,0,0,1446,0,0,0
669701,"Smith, Josh",2025,140,1.1345187253376185,1.1345187253376185,1.1345187253376185,0.7081507107846644,0.42636801455295414,0,,,,1108,0,156,27,177,640,45,39,24
673357,"Robert Jr., Luis",2025,145,1.1179495763321894,1.1179495763321894,1.1179495763321894,0.3129300000000002,0.8050195763321892,0,,,,1190,0,0,0,0,0,0,1190,0
663624,"Mountcastle, Ryan",2025,110,1.1175964172007535,1.1175964172007535,1.1175964172007535,1.1175964172007535,,0,,,,1140,0,1140,0,0,0,0,0,0
572233,"Walker, Christian",2025,117,1.0923086465163383,1.0923086465163383,1.0923086465163383,1.0923086465163383,,0,,,,1420,0,1420,0,0,0,0,0,0
657656,"Laureano, Ramón",2025,110,1.0638229032721709,1.0638229032721709,1.0638229032721709,-0.02043000000000028,1.084252903272171,0,,,,690,0,0,0,0,0,471,24,195
672820,"Sosa, Lenyn",2025,145,1.0528967505455795,1.0528967505455795,1.0528967505455795,1.0590552131960878,-0.006158462650508227,0,,,,1242,0,142,1046,54,0,0,0,0
671221,"Waters, Drew",2025,118,1.0112699600552042,1.0112699600552042,1.0112699600552042,1.49994,-0.48867003994479574,0,,,,1008,0,0,0,0,0,348,302,358
672356,"Arias, Gabriel",2025,114,0.9929894366147359,0.9929894366147359,0.9929894366147359,0.4120852555415312,0.5809041810732047,0,,,,1304,0,0,514,108,682,0,0,0
668715,"Steer, Spencer",2025,113,0.9893281126888326,0.9893281126888326,0.9893281126888326,0.9893281126888326,,0,,,,908,0,890,0,0,0,18,0,0
663898,"Rodgers, Brendan",2025,117,0.9714349006101619,0.9714349006101619,0.9714349006101619,0.9591208412544168,0.01231405935574514,0,,,,713,0,0,713,0,0,0,0,0
571657,"Farmer, Kyle",2025,115,0.9067166209010185,0.9067166209010185,0.9067166209010185,0.7031429893469329,0.20357363155408562,0,,,,884,0,126,483,33,242,0,0,0
694374,"Tawa, Tim",2025,109,0.9011228755292129,0.9011228755292129,0.9011228755292129,1.1487021279573575,-0.24757925242814455,0,,,,737,0,3,546,3,0,42,143,0
572191,"Taylor, Michael A.",2025,145,0.9003107352344204,0.9003107352344204,0.9003107352344204,1.501740000000001,-0.6014292647655806,0,,,,813,0,0,0,0,0,272,204,337
691594,"Sanoja, Javier",2025,146,0.7916947126951213,0.7916947126951213,0.7916947126951213,1.1392909186543472,-0.34759620595922597,0,,,,890,0,3,431,36,177,198,45,0
670156,"Mastrobuoni, Miles",2025,136,0.7837831567500368,0.7837831567500368,0.7837831567500368,1.4685630710509583,-0.6847799143009214,0,,,,713,0,0,242,224,0,108,0,139
642201,"White, Eli",2025,144,0.7320523119776431,0.7320523119776431,0.7320523119776431,0.8228700000000007,-0.09081768802235755,0,,,,896,0,0,0,0,0,271,15,610
670770,"Friedl, TJ",2025,113,0.7082812425703512,0.7082812425703512,0.7082812425703512,1.6348500000000001,-0.926568757429649,0,,,,1356,0,0,0,0,0,0,1356,0
669394,"Burger, Jake",2025,140,0.6992861959687517,0.6992861959687517,0.6992861959687517,0.6992861959687517,,0,,,,1204,0,1204,0,0,0,0,0,0
668939,"Rutschman, Adley",2025,110,0.6581114660563401,,,,,0.6581114660563401,0.8622895362544725,-0.19286696241619453,-0.011311107781937842,958,958,0,0,0,0,0,0,0
665804,"Amaya, Miguel",2025,112,0.6188750626931007,,,,,0.6188750626931007,-0.3960236876648829,0.917701655046642,0.09719709531134157,668,668,0,0,0,0,0,0,0
686948,"Baldwin, Drake",2025,144,0.6150431303394415,,,,,0.6150431303394415,1.029201849687299,0.09734371260102652,-0.5115024319488841,637,637,0,0,0,0,0,0,0
665489,"Guerrero Jr., Vladimir",2025,141,0.6139622450619271,0.6139622450619271,0.6139622450619271,0.6139622450619271,,0,,,,1391,0,1391,0,0,0,0,0,0
656555,"Hoskins, Rhys",2025,158,0.6054146217625671,0.6054146217625671,0.6054146217625671,0.6054146217625671,,0,,,,1316,0,1316,0,0,0,0,0,0
665750,"Taveras, Leody",2025,136,0.6027506043372217,0.6027506043372217,0.6027506043372217,0.8800199999999991,-0.2772693956627774,0,,,,1170,0,0,0,0,0,0,672,498
664040,"Lowe, Brandon",2025,139,0.5596292127933155,0.5596292127933155,0.5596292127933155,0.5596292127933155,,0,,,,1232,0,0,1232,0,0,0,0,0
686681,"Massey, Michael",2025,118,0.5492421179413203,0.5492421179413203,0.5492421179413203,0.5887373177464783,-0.03949519980515804,0,,,,1221,0,0,1116,0,0,105,0,0
681393,"Norby, Connor",2025,146,0.46514720744319493,0.46514720744319493,0.46514720744319493,0.46514720744319493,,0,,,,816,0,0,0,816,0,0,0,0
680777,"Jeffers, Ryan",2025,142,0.41571211776457817,,,,,0.41571211776457817,-1.2054635099556406,1.224295696978206,0.3968799307420128,807,807,0,0,0,0,0,0,0
665833,"Cruz, Oneil",2025,134,0.3984724130059008,0.3984724130059008,0.3984724130059008,0.4921199999999998,-0.09364758699409897,0,,,,1198,0,0,0,0,0,0,1198,0
663993,"Lowe, Nathaniel",2025,120,0.37706597038962314,0.37706597038962314,0.37706597038962314,0.37706597038962314,,0,,,,1404,0,1404,0,0,0,0,0,0
668930,"Turang, Brice",2025,158,0.3635106254862852,0.3635106254862852,0.3635106254862852,0.014438949268536144,0.34907167621774904,0,,,,1420,0,0,1420,0,0,0,0,0
666018,"Aranda, Jonathan",2025,139,0.35077387606606436,0.35077387606606436,0.35077387606606436,0.35077387606606436,,0,,,,1195,0,1195,0,0,0,0,0,0
624428,"Frazier, Adam",2025,134,0.31193843585480857,0.31193843585480857,0.31193843585480857,0.28327027950078154,0.02866815635402701,0,,,,1200,0,0,1155,0,0,24,0,21
682668,"Acuña, Luisangel",2025,121,0.3103780808985102,0.3103780808985102,0.3103780808985102,0.33433856459243244,-0.023960483693922244,0,,,,949,0,0,892,18,33,0,6,0
810938,"Williamson, Ben",2025,136,0.2927859466440045,0.2927859466440045,0.2927859466440045,0.2927859466440045,,0,,,,964,0,0,0,964,0,0,0,0
596019,"Lindor, Francisco",2025,121,0.23204851560896872,0.23204851560896872,0.23204851560896872,0.15927500499720731,0.0727735106117614,0,,,,1488,0,0,0,0,1488,0,0,0
686611,"Crews, Dylan",2025,120,0.18621235034440864,0.18621235034440864,0.18621235034440864,0.72054,-0.5343276496555913,0,,,,1176,0,0,0,0,0,0,336,840
678662,"Tovar, Ezequiel",2025,115,0.18602916281290538,0.18602916281290538,0.18602916281290538,0.18602916281290538,,0,,,,745,0,0,0,0,745,0,0,0
694671,"Langford, Wyatt",2025,140,0.17696184763994677,0.17696184763994677,0.17696184763994677,-0.02601000000000027,0.20297184763994702,0,,,,1246,0,0,0,0,0,1111,135,0
679529,"Torkelson, Spencer",2025,116,0.16962295452834303,0.16962295452834303,0.16962295452834303,0.16962295452834303,,0,,,,1283,0,1283,0,0,0,0,0,0
647304,"Naylor, Josh",2025,109,0.15126870890304586,0.15126870890304586,0.15126870890304586,0.15126870890304586,,0,,,,1154,0,1154,0,0,0,0,0,0
666023,"Fermin, Freddy",2025,118,0.1208086290929214,,,,,0.1208086290929214,0.034309889026072155,0.2422156017143122,-0.15571686164746296,745,745,0,0,0,0,0,0,0
677587,"Rocchio, Brayan",2025,114,0.09767087913883021,0.09767087913883021,0.09767087913883021,0.09767087913883021,,0,,,,766,0,0,0,0,766,0,0,0
663457,"Nootbaar, Lars",2025,138,0.02572822767234273,0.02572822767234273,0.02572822767234273,0.6887699999999997,-0.6630417723276569,0,,,,1403,0,0,0,0,0,1091,27,285
805779,"Wilson, Jacob",2025,133,-0.05419149190388339,-0.05419149190388339,-0.05419149190388339,-0.07374540096665758,0.019553909062774183,0,,,,1429,0,0,0,0,1429,0,0,0
502671,"Goldschmidt, Paul",2025,147,-0.10578903374246257,-0.10578903374246257,-0.10578903374246257,-0.10578903374246257,,0,,,,1266,0,1266,0,0,0,0,0,0
677950,"Thomas, Alek",2025,109,-0.113073601451827,-0.113073601451827,-0.113073601451827,-0.17739000000000038,0.06431639854817338,0,,,,1053,0,0,0,0,0,0,1053,0
672744,"Canario, Alexander",2025,134,-0.11402096630188469,-0.11402096630188469,-0.11402096630188469,-0.32292000000000004,0.20889903369811536,0,,,,747,0,0,0,0,0,420,159,168
502054,"Pham, Tommy",2025,134,-0.12063154606039245,-0.12063154606039245,-0.12063154606039245,-0.4212900000000002,0.3006584539396078,0,,,,997,0,0,0,0,0,922,0,75
642136,"Thaiss, Matt",2025,139,-0.12828280072994647,,,,,-0.12828280072994647,-0.8654900881501338,-0.061865992213245694,0.7990732796334331,701,698,3,0,0,0,0,0,0
666134,"Jones, Nolan",2025,114,-0.14133197174153223,-0.14133197174153223,-0.14133197174153223,-2.8603799999999997,2.7190480282584675,0,,,,953,0,0,0,0,0,48,228,677
656775,"Mullins, Cedric",2025,110,-0.18988361234462325,-0.18988361234462325,-0.18988361234462325,1.4831999999999996,-1.6730836123446229,0,,,,1282,0,0,0,0,0,0,1282,0
663757,"Grisham, Trent",2025,147,-0.19503013694500193,-0.19503013694500193,-0.19503013694500193,-0.050310000000000035,-0.14472013694500188,0,,,,1068,0,0,0,0,0,0,1068,0
680757,"Kwan, Steven",2025,114,-0.1976730128737434,-0.1976730128737434,-0.1976730128737434,-3.695579999999999,3.497906987126256,0,,,,1364,0,0,0,0,0,1364,0,0
672724,"Peraza, Oswald",2025,147,-0.2393376113347767,-0.2393376113347767,-0.2393376113347767,-0.2825915222802131,0.04325391094543639,0,,,,675,0,0,81,555,39,0,0,0
518792,"Heyward, Jason",2025,135,-0.2548216208027255,-0.2548216208027255,-0.2548216208027255,0.49581,-0.7506316208027255,0,,,,647,0,0,0,0,0,569,30,48
553869,"Díaz, Elias",2025,135,-0.32342966462033507,,,,,-0.32342966462033507,-2.1214326204973757,0.9915168372228635,0.8064861186541771,852,852,0,0,0,0,0,0,0
687401,"Ortiz, Joey",2025,158,-0.37170249797311694,-0.37170249797311694,-0.37170249797311694,-0.37849334823905123,0.006790850265934306,0,,,,1408,0,0,0,0,1408,0,0,0
664761,"Bohm, Alec",2025,143,-0.39213300893056036,-0.39213300893056036,-0.39213300893056036,-0.39213300893056036,,0,,,,1454,0,105,0,1349,0,0,0,0
671732,"Butler, Lawrence",2025,133,-0.39765230363341064,-0.39765230363341064,-0.39765230363341064,0.302940000000001,-0.7005923036334116,0,,,,1378,0,0,0,0,0,0,63,1315
680977,"Donovan, Brendan",2025,138,-0.43090684647581035,-0.43090684647581035,-0.43090684647581035,-0.5768449038547072,0.14593805737889684,0,,,,1391,0,0,959,0,123,309,0,0
701762,"Kurtz, Nick",2025,133,-0.47910944577668985,-0.47910944577668985,-0.47910944577668985,-0.5058021428296288,0.0266926970529389,0,,,,733,0,733,0,0,0,0,0,0
607043,"Nimmo, Brandon",2025,121,-0.4819152073702333,-0.4819152073702333,-0.4819152073702333,-0.4274099999999998,-0.05450520737023351,0,,,,1280,0,0,0,0,0,1265,15,0
678877,"Noel, Jhonkensy",2025,114,-0.49155213785583507,-0.49155213785583507,-0.49155213785583507,-1.1519099999999995,0.6603578621441645,0,,,,633,0,0,0,0,0,0,0,633
694384,"Schanuel, Nolan",2025,108,-0.510991765805041,-0.510991765805041,-0.510991765805041,-0.510991765805041,,0,,,,1377,0,1377,0,0,0,0,0,0
672580,"Garcia, Maikel",2025,118,-0.5256322894061809,-0.5256322894061809,-0.5256322894061809,-0.6736005589305646,0.14796826952438363,0,,,,1375,0,0,198,1047,36,0,70,24
608348,"Kelly, Carson",2025,112,-0.5293688396362555,,,,,-0.5293688396362555,-1.0874114644901522,0.011007717175617163,0.5470349076782797,786,786,0,0,0,0,0,0,0
500743,"Rojas, Miguel",2025,119,-0.5341626186018489,-0.5341626186018489,-0.5341626186018489,-0.5490614394953228,0.014898820893473955,0,,,,633,0,0,360,99,174,0,0,0
691182,"Amador, Adael",2025,115,-0.5597729335035855,-0.5597729335035855,-0.5597729335035855,-0.5597729335035855,,0,,,,736,0,0,736,0,0,0,0,0
606466,"Marte, Ketel",2025,109,-0.5947944539669622,-0.5947944539669622,-0.5947944539669622,-0.5947944539669622,,0,,,,644,0,0,644,0,0,0,0,0
666149,"Fitzgerald, Tyler",2025,137,-0.6615067002906925,-0.6615067002906925,-0.6615067002906925,-0.6615067002906925,,0,,,,934,0,0,934,0,0,0,0,0
645277,"Albies, Ozzie",2025,144,-0.6616999165361913,-0.6616999165361913,-0.6616999165361913,-0.9043076283517495,0.2426077118155582,0,,,,1482,0,0,1482,0,0,0,0,0
687597,"Beck, Jordan",2025,115,-0.71650024051513,-0.71650024051513,-0.71650024051513,-1.9797299999999998,1.2632297594848698,0,,,,1147,0,0,0,0,0,1147,0,0
570482,"Urshela, Gio",2025,133,-0.7173622077281824,-0.7173622077281824,-0.7173622077281824,-0.7173622077281824,,0,,,,759,0,0,0,759,0,0,0,0
680776,"Duran, Jarren",2025,111,-0.7444545443634056,-0.7444545443634056,-0.7444545443634056,-1.3328999999999998,0.5884454556365941,0,,,,1545,0,0,0,0,0,1467,75,3
641584,"Fraley, Jake",2025,113,-0.7482391318837411,-0.7482391318837411,-0.7482391318837411,1.1169900000000004,-1.8652291318837415,0,,,,637,0,0,0,0,0,0,0,637
670223,"Mervis, Matt",2025,146,-0.7801199588232827,-0.7801199588232827,-0.7801199588232827,-0.7801199588232827,,0,,,,600,0,600,0,0,0,0,0,0
696100,"Goodman, Hunter",2025,115,-0.783869201845703,,,,,-0.783869201845703,-0.48382877443726247,-0.05888818232038202,-0.24115224508805838,793,793,0,0,0,0,0,0,0
663586,"Riley, Austin",2025,144,-0.8025783990402946,-0.8025783990402946,-0.8025783990402946,-0.8025783990402946,,0,,,,1482,0,0,0,1482,0,0,0,0
514888,"Altuve, Jose",2025,117,-0.8172828466333831,-0.8172828466333831,-0.8172828466333831,-0.7185353722510404,-0.09874747438234277,0,,,,1052,0,0,272,0,0,780,0,0
665828,"Cabrera, Oswaldo",2025,147,-0.8314736460715413,-0.8314736460715413,-0.8314736460715413,-0.8314736460715413,,0,,,,813,0,9,0,798,0,3,0,3
682657,"Martínez, Angel",2025,114,-0.9770993712258813,-0.9770993712258813,-0.9770993712258813,-0.6967529473954903,-0.280346423830391,0,,,,997,0,0,138,0,0,6,817,36
676572,"Wagaman, Eric",2025,146,-1.0235191761671216,-1.0235191761671216,-1.0235191761671216,-0.9142742670477148,-0.10924490911940682,0,,,,1043,0,754,0,9,0,280,0,0
669016,"Marsh, Brandon",2025,143,-1.0413673740749392,-1.0413673740749392,-1.0413673740749392,-2.71395,1.672582625925061,0,,,,795,0,0,0,0,0,93,702,0
592663,"Realmuto, J.T.",2025,143,-1.1185938664645858,,,,,-1.1185938664645858,-1.5552681928691234,1.0538586261687135,-0.6171842997641759,1229,1229,0,0,0,0,0,0,0
596146,"Kepler, Max",2025,143,-1.1487197729418726,-1.1487197729418726,-1.1487197729418726,0.28575000000000006,-1.4344697729418725,0,,,,1220,0,0,0,0,0,1124,3,93
683737,"Busch, Michael",2025,112,-1.1591833746876665,-1.1591833746876665,-1.1591833746876665,-1.1591833746876665,,0,,,,1202,0,1202,0,0,0,0,0,0
700242,"Sweeney, Trey",2025,116,-1.1602046074332195,-1.1602046074332195,-1.1602046074332195,-1.1785501525557076,0.018345545122488142,0,,,,1335,0,0,0,0,1335,0,0,0
521692,"Perez, Salvador",2025,118,-1.1737750775967497,-0.2253067805821275,-0.2253067805821275,-0.2253067805821275,,-0.9484682970146223,-0.14045291720779965,1.1908897305822645,-1.9989051103890871,1069,726,343,0,0,0,0,0,0
690993,"Keith, Colt",2025,116,-1.1759029534433862,-1.1759029534433862,-1.1759029534433862,-0.9384004041060672,-0.237502549337319,0,,,,731,0,249,482,0,0,0,0,0
608369,"Seager, Corey",2025,140,-1.1832689086972634,-1.1832689086972634,-1.1832689086972634,-1.2345877008070394,0.05131879210977605,0,,,,609,0,0,0,0,609,0,0,0
543877,"Vázquez, Christian",2025,142,-1.25361661445214,,,,,-1.25361661445214,-0.9761629024624098,-1.2312409139198228,0.9537872019300928,664,664,0,0,0,0,0,0,0
624431,"Trevino, Jose",2025,113,-1.270627341832396,,,,,-1.270627341832396,0.052513618015843366,-0.8142780715489829,-0.5088628882992562,847,847,0,0,0,0,0,0,0
621493,"Ward, Taylor",2025,108,-1.3099581276715826,-1.3099581276715826,-1.3099581276715826,-0.4367700000000001,-0.8731881276715825,0,,,,1356,0,0,0,0,0,1356,0,0
687263,"Neto, Zach",2025,108,-1.3237225550639145,-1.3237225550639145,-1.3237225550639145,-1.3237225550639145,,0,,,,981,0,0,0,0,981,0,0,0
641680,"Heim, Jonah",2025,140,-1.335430338675086,0.15460651667716171,0.15460651667716171,,0.15460651667716171,-1.4900368553522478,-0.5409523011537144,-0.5276319558095458,-0.42145259838898763,861,861,0,0,0,0,0,0,0
701305,"Dezenzo, Zach",2025,117,-1.3654140856673167,-1.3654140856673167,-1.3654140856673167,-2.0227371572728683,0.6573230716055517,0,,,,606,0,39,0,0,0,309,0,258
670623,"Paredes, Isaac",2025,117,-1.4052661611806587,-1.4052661611806587,-1.4052661611806587,-1.4052661611806587,,0,,,,1444,0,0,0,1444,0,0,0,0
682985,"Greene, Riley",2025,116,-1.4101235713837559,-1.4101235713837559,-1.4101235713837559,-0.5539500000000002,-0.8561735713837558,0,,,,1209,0,0,0,0,0,861,324,24
691023,"Walker, Jordan",2025,138,-1.4264907134893652,-1.4264907134893652,-1.4264907134893652,0.08990999999999998,-1.5164007134893651,0,,,,1132,0,0,0,0,0,0,0,1132
660821,"Sánchez, Jesús",2025,146,-1.431574973370831,-1.431574973370831,-1.431574973370831,-1.2225599999999999,-0.20901497337083114,0,,,,870,0,0,0,0,0,0,189,681
686797,"Lee, Brooks",2025,142,-1.4511009490264533,-1.4511009490264533,-1.4511009490264533,-1.4511009490264533,,0,,,,1015,0,0,323,447,245,0,0,0
669065,"Stowers, Kyle",2025,146,-1.5831906775396254,-1.5831906775396254,-1.5831906775396254,-1.6392599999999995,0.05606932246037405,0,,,,1298,0,0,0,0,0,548,144,606
660162,"Moncada, Yoán",2025,108,-1.619795201662831,-1.619795201662831,-1.619795201662831,-1.619795201662831,,0,,,,672,0,0,0,672,0,0,0,0
664770,"Lukes, Nathan",2025,141,-1.6320132361586783,-1.6320132361586783,-1.6320132361586783,-1.5630300000000004,-0.06898323615867795,0,,,,834,0,0,0,0,0,306,246,282
671213,"Casas, Triston",2025,111,-1.7638169603495921,-1.7638169603495921,-1.7638169603495921,-1.7638169603495921,,0,,,,705,0,705,0,0,0,0,0,0
683002,"Henderson, Gunnar",2025,110,-1.7758540262790148,-1.7758540262790148,-1.7758540262790148,-1.7758540262790148,,0,,,,1153,0,0,0,0,1153,0,0,0
650402,"Torres, Gleyber",2025,116,-1.7860767236711472,-1.7860767236711472,-1.7860767236711472,-1.752404318358438,-0.033672405312709326,0,,,,951,0,0,951,0,0,0,0,0
621020,"Swanson, Dansby",2025,112,-1.788115667292961,-1.788115667292961,-1.788115667292961,-1.8520804282838013,0.06396476099084024,0,,,,1508,0,0,0,0,1508,0,0,0
683734,"Vaughn, Andrew",2025,145,-1.8114374327821163,-1.8114374327821163,-1.8114374327821163,-1.8114374327821163,,0,,,,761,0,761,0,0,0,0,0,0
702332,"Durbin, Caleb",2025,158,-1.8142237630606615,-1.8142237630606615,-1.8142237630606615,-1.8142237630606615,,0,,,,979,0,0,69,910,0,0,0,0
807713,"Shaw, Matt",2025,112,-1.8215147148959714,-1.8215147148959714,-1.8215147148959714,-1.8215147148959714,,0,,,,695,0,0,0,695,0,0,0,0
695578,"Wood, James",2025,120,-1.8984767042017716,-1.8984767042017716,-1.8984767042017716,-1.14174,-0.7567367042017715,0,,,,1167,0,0,0,0,0,1167,0,0
666971,"Gurriel Jr., Lourdes",2025,109,-1.9185616292364995,-1.9185616292364995,-1.9185616292364995,-1.42425,-0.4943116292364995,0,,,,1364,0,0,0,0,0,1364,0,0
643396,"Kiner-Falefa, Isiah",2025,134,-1.9597282304858687,-1.9597282304858687,-1.9597282304858687,-1.852622954161723,-0.10710527632414574,0,,,,1200,0,0,0,24,1176,0,0,0
663656,"Tucker, Kyle",2025,112,-2.017245727888617,-2.017245727888617,-2.017245727888617,-1.3669200000000001,-0.6503257278886165,0,,,,1394,0,0,0,0,0,0,0,1394
678246,"Vargas, Miguel",2025,145,-2.0566631977208427,-2.0566631977208427,-2.0566631977208427,-2.0566631977208427,,0,,,,1328,0,245,0,1083,0,0,0,0
664238,"Moore, Dylan",2025,136,-2.14089185287645,-2.14089185287645,-2.14089185287645,-2.072201329866854,-0.06869052300959583,0,,,,946,0,59,495,203,51,0,0,138
455117,"Maldonado, Martín",2025,135,-2.1419015435638644,,,,,-2.1419015435638644,-0.14073586381390318,-1.3151451743485871,-0.686020505401374,612,612,0,0,0,0,0,0,0
608070,"Ramírez, José",2025,114,-2.149020089077801,-2.149020089077801,-2.149020089077801,-2.149020089077801,,0,,,,1124,0,0,0,1124,0,0,0,0
573262,"Yastrzemski, Mike",2025,137,-2.1986600318811083,-2.1986600318811083,-2.1986600318811083,-2.0840400000000003,-0.11462003188110773,0,,,,1250,0,0,0,0,0,0,0,1250
642715,"Adames, Willy",2025,137,-2.204230242200052,-2.204230242200052,-2.204230242200052,-2.3984874329831394,0.19425719078308754,0,,,,1476,0,0,0,0,1476,0,0,0
666624,"Morel, Christopher",2025,139,-2.211221888854791,-2.211221888854791,-2.211221888854791,-1.1276099999999993,-1.0836118888547919,0,,,,869,0,0,0,0,0,833,0,36
702616,"Holliday, Jackson",2025,110,-2.240226483780436,-2.240226483780436,-2.240226483780436,-2.2522176960847804,0.01199121230434434,0,,,,1267,0,0,1135,0,132,0,0,0
592518,"Machado, Manny",2025,135,-2.241907371712681,-2.241907371712681,-2.241907371712681,-2.241907371712681,,0,,,,1341,0,0,0,1341,0,0,0,0
663698,"Bart, Joey",2025,134,-2.2439812046049536,,,,,-2.2439812046049536,-2.732818650237344,0.31036300564314107,0.1784744399892491,937,937,0,0,0,0,0,0,0
650859,"Rengifo, Luis",2025,108,-2.2680543193245817,-2.2680543193245817,-2.2680543193245817,-2.521567059337721,0.25351274001313934,0,,,,1182,0,0,549,633,0,0,0,0
669911,"Toglia, Michael",2025,115,-2.298626393319556,-2.298626393319556,-2.298626393319556,-2.298626393319556,,0,,,,1339,0,1339,0,0,0,0,0,0
624413,"Alonso, Pete",2025,121,-2.308584441506467,-2.308584441506467,-2.308584441506467,-2.308584441506467,,0,,,,1515,0,1515,0,0,0,0,0,0
682829,"De La Cruz, Elly",2025,113,-2.4185035353618685,-2.4185035353618685,-2.4185035353618685,-2.4986835522520594,0.080180016890191,0,,,,1497,0,0,0,0,1497,0,0,0
607732,"Stallings, Jacob",2025,115,-2.4431049560349436,,,,,-2.4431049560349436,-0.4948573665006977,-1.6956519142748778,-0.25259567525936766,630,630,0,0,0,0,0,0,0
681481,"Carpenter, Kerry",2025,116,-2.451840444238186,-2.451840444238186,-2.451840444238186,-1.8488700000000005,-0.6029704442381857,0,,,,971,0,0,0,0,0,369,0,602
666176,"Adell, Jo",2025,108,-2.4790607900363235,-2.4790607900363235,-2.4790607900363235,-1.2113100000000003,-1.2677507900363232,0,,,,1131,0,0,0,0,0,0,666,465
547180,"Harper, Bryce",2025,143,-2.5092311195631662,-2.5092311195631662,-2.5092311195631662,-2.5092311195631662,,0,,,,1397,0,1397,0,0,0,0,0,0
682928,"Abrams, CJ",2025,120,-2.534863240936998,-2.534863240936998,-2.534863240936998,-2.7304055604379656,0.19554231950096762,0,,,,1140,0,0,0,0,1140,0,0,0
596115,"Story, Trevor",2025,111,-2.5481794484104525,-2.5481794484104525,-2.5481794484104525,-2.5481794484104525,,0,,,,1441,0,0,0,0,1441,0,0,0
669257,"Smith, Will",2025,119,-2.5656746832114115,,,,,-2.5656746832114115,-2.7060038816283374,1.22216701454378,-1.0818378161268538,1083,1083,0,0,0,0,0,0,0
657077,"Verdugo, Alex",2025,144,-2.6927873017631794,-2.6927873017631794,-2.6927873017631794,-2.67192,-0.020867301763179177,0,,,,838,0,0,0,0,0,838,0,0
668804,"Reynolds, Bryan",2025,134,-2.8036725523420807,-2.8036725523420807,-2.8036725523420807,-2.9208600000000002,0.11718744765791939,0,,,,1013,0,0,0,0,0,0,0,1013
666160,"Moniak, Mickey",2025,115,-2.81527439109006,-2.81527439109006,-2.81527439109006,-0.31824000000000036,-2.4970343910900596,0,,,,1062,0,0,0,0,0,129,336,597
677588,"Tena, José",2025,120,-2.8246357696651523,-2.8246357696651523,-2.8246357696651523,-2.8246357696651523,,0,,,,853,0,0,45,808,0,0,0,0
624424,"Conforto, Michael",2025,119,-2.8348076865193894,-2.8348076865193894,-2.8348076865193894,-2.3013,-0.5335076865193895,0,,,,1194,0,0,0,0,0,1194,0,0
630105,"Cronenworth, Jake",2025,135,-2.9469491060524358,-2.9469491060524358,-2.9469491060524358,-2.9469491060524358,,0,,,,763,0,33,730,0,0,0,0,0
578428,"Iglesias, Jose",2025,135,-3.100269426008349,-3.100269426008349,-3.100269426008349,-2.974293427975904,-0.12597599803244502,0,,,,819,0,0,635,102,76,6,0,0
664023,"Happ, Ian",2025,112,-3.127666500743901,-3.127666500743901,-3.127666500743901,-2.01123,-1.116436500743901,0,,,,1275,0,0,0,0,0,1275,0,0
649966,"Urías, Luis",2025,133,-3.136114853027757,-3.136114853027757,-3.136114853027757,-3.136114853027757,,0,,,,1070,0,0,965,105,0,0,0,0
592669,"Renfroe, Hunter",2025,118,-3.1493380502418797,-3.1493380502418797,-3.1493380502418797,-0.9576000000000003,-2.1917380502418795,0,,,,724,0,0,0,0,0,0,0,724
666182,"Bichette, Bo",2025,141,-3.1681688171834663,-3.1681688171834663,-3.1681688171834663,-3.1681688171834663,,0,,,,1448,0,0,0,0,1448,0,0,0
668709,"Bleday, JJ",2025,133,-3.172112429248926,-3.172112429248926,-3.172112429248926,-4.7233800000000015,1.5512675707510755,0,,,,1210,0,0,0,0,0,0,1210,0
609280,"Andujar, Miguel",2025,133,-3.206739411649292,-3.206739411649292,-3.206739411649292,-3.5141252083146983,0.3073857966654062,0,,,,1037,0,3,0,437,0,555,0,42
664774,"Wade Jr., LaMonte",2025,137,-3.3016821656425432,-3.3016821656425432,-3.3016821656425432,-3.3016821656425432,,0,,,,1020,0,1020,0,0,0,0,0,0
663616,"Larnach, Trevor",2025,142,-3.395508578398519,-3.395508578398519,-3.395508578398519,-2.2921199999999997,-1.1033885783985193,0,,,,804,0,0,0,0,0,327,0,477
669743,"Call, Alex",2025,120,-3.4025524021445466,-3.4025524021445466,-3.4025524021445466,-2.338110000000001,-1.0644424021445458,0,,,,813,0,0,0,0,0,336,0,477
668227,"Arozarena, Randy",2025,136,-3.437552004739556,-3.437552004739556,-3.437552004739556,-1.9430100000000003,-1.4945420047395557,0,,,,1408,0,0,0,0,0,1408,0,0
642133,"Tellez, Rowdy",2025,136,-3.5117684372056823,-3.5117684372056823,-3.5117684372056823,-3.5117684372056823,,0,,,,840,0,840,0,0,0,0,0,0
692225,"Campbell, Kristian",2025,111,-3.600612235388457,-3.600612235388457,-3.600612235388457,-3.3244972160608075,-0.2761150193276496,0,,,,1289,0,0,1100,0,0,36,153,0
666158,"Lux, Gavin",2025,113,-3.693456539229391,-3.693456539229391,-3.693456539229391,-4.392397450917121,0.6989409116877303,0,,,,798,0,0,139,42,0,617,0,0
643376,"Jansen, Danny",2025,139,-3.815441673795755,,,,,-3.815441673795755,-3.295929999625309,-1.7058834424815321,1.1863717683110864,950,950,0,0,0,0,0,0,0
691016,"Soderstrom, Tyler",2025,133,-3.923400688146129,-3.923400688146129,-3.923400688146129,-3.0422043798592298,-0.8811963082868991,0,,,,1462,0,708,0,0,0,754,0,0
641943,"Palacios, Joshua",2025,145,-3.991287874723892,-3.991287874723892,-3.991287874723892,-3.141810000000001,-0.8494778747238909,0,,,,718,0,0,0,0,0,90,0,628
691406,"Caminero, Junior",2025,139,-4.055147401126437,-4.055147401126437,-4.055147401126437,-4.055147401126437,,0,,,,1309,0,6,0,1303,0,0,0,0
641487,"Crawford, J.P.",2025,136,-4.088833115488224,-4.088833115488224,-4.088833115488224,-4.088833115488224,,0,,,,1439,0,0,0,0,1439,0,0,0
673237,"Diaz, Yainer",2025,117,-4.11125144671107,,,,,-4.11125144671107,-1.329671696992598,-2.131384165394003,-0.6501955843244691,1002,1002,0,0,0,0,0,0,0
671277,"García Jr., Luis",2025,120,-4.35995595148764,-4.35995595148764,-4.35995595148764,-4.35995595148764,,0,,,,1248,0,0,1248,0,0,0,0,0
606192,"Hernández, Teoscar",2025,119,-4.526467963709717,-4.526467963709717,-4.526467963709717,-4.161419999999998,-0.3650479637097185,0,,,,1074,0,0,0,0,0,0,0,1074
802415,"Simpson, Chandler",2025,139,-4.580109246612399,-4.580109246612399,-4.580109246612399,-2.39724,-2.182869246612399,0,,,,852,0,0,0,0,0,399,447,6
691176,"Domínguez, Jasson",2025,147,-4.835828444554544,-4.835828444554544,-4.835828444554544,-4.516560000000001,-0.31926844455454245,0,,,,937,0,0,0,0,0,937,0,0
669364,"Edwards, Xavier",2025,146,-4.8492553424329286,-4.8492553424329286,-4.8492553424329286,-4.820633546263242,-0.028621796169687207,0,,,,1079,0,0,0,0,1079,0,0,0
681460,"Baldwin, Brooks",2025,145,-4.93505033820563,-4.93505033820563,-4.93505033820563,-3.9910897014039004,-0.94396063680173,0,,,,931,0,0,137,3,129,493,39,130
650489,"Castro, Willi",2025,142,-4.962103463558708,-4.962103463558708,-4.962103463558708,-5.080396070709154,0.11829260715044626,0,,,,933,0,0,276,162,78,237,3,177
671218,"Ramos, Heliot",2025,137,-4.989123716532431,-4.989123716532431,-4.989123716532431,-3.3448499999999997,-1.6442737165324313,0,,,,1398,0,0,0,0,0,1398,0,0
677008,"Kjerstad, Heston",2025,110,-4.994161693021939,-4.994161693021939,-4.994161693021939,-4.038209999999998,-0.9559516930219414,0,,,,994,0,0,0,0,0,625,0,369
553993,"Suárez, Eugenio",2025,109,-5.043675061504436,-5.043675061504436,-5.043675061504436,-5.043675061504436,,0,,,,1472,0,0,0,1472,0,0,0,0
650333,"Arraez, Luis",2025,135,-5.263756752252476,-5.263756752252476,-5.263756752252476,-5.263756752252476,,0,,,,1085,0,1085,0,0,0,0,0,0
665742,"Soto, Juan",2025,121,-5.266436142554191,-5.266436142554191,-5.266436142554191,-4.25655,-1.0098861425541918,0,,,,1458,0,0,0,0,0,0,0,1458
668901,"Vientos, Mark",2025,121,-5.348579361096851,-5.348579361096851,-5.348579361096851,-5.348579361096851,,0,,,,1023,0,0,0,1023,0,0,0,0
681351,"O'Hoppe, Logan",2025,108,-5.359912408245675,,,,,-5.359912408245675,-3.481257864132377,-0.39722849805405636,-1.4814260460592414,939,939,0,0,0,0,0,0,0
592206,"Castellanos, Nick",2025,143,-5.442394884083527,-5.442394884083527,-5.442394884083527,-4.410270000000001,-1.0321248840835258,0,,,,1445,0,0,0,0,0,0,0,1445
571970,"Muncy, Max",2025,119,-5.528548185641939,-5.528548185641939,-5.528548185641939,-5.528548185641939,,0,,,,1278,0,0,0,1278,0,0,0,0
543807,"Springer, George",2025,141,-5.957009559568551,-5.957009559568551,-5.957009559568551,-5.040719999999999,-0.9162895595685514,0,,,,785,0,0,0,0,0,48,177,560
660688,"Ruiz, Keibert",2025,120,-6.7400693111487,,,,,-6.7400693111487,-4.876791288197266,0.5029242606709428,-2.3662022836223766,1233,1233,0,0,0,0,0,0,0
663697,"India, Jonathan",2025,118,-7.686615527339496,-7.686615527339496,-7.686615527339496,-8.701592531136166,1.0149770037966694,0,,,,1075,0,0,189,448,0,438,0,0