"year","last_name, first_name","pitcher_id","team_name","team_name_abbrev","pitch_hand","avg_speed","pitches_thrown","total_pitches","pitches_per_game","pitch_per","pitch_type","pitch_type_name","pitcher_break_z","league_break_z","diff_z","rise","pitcher_break_z_induced","pitcher_break_x","league_break_x","diff_x","tail","percent_rank_diff_z","percent_rank_diff_x"
"2025","Peralta, Freddy","642547","Brewers","MIL","R","94.6","680","1141",19.67241379310345,0.595968448729185,"FF","4-Seam Fastball",13.8,-15.1,1.3,"8",16.9,4.8,-8.3,-3.4,"-41",0.764102564102564,0.1282051282051282
"2025","Gore, MacKenzie","669022","Nationals","WSH","L","95.4","587","1181",20.719298245614034,0.4970364098221846,"FF","4-Seam Fastball",12.8,-14,1.2,"8",17.3,6.1,-7.4,-1.3,"-18",0.7487179487179487,0.33076923076923076
"2025","Gausman, Kevin","592332","Blue Jays","TOR","R","94.5","555","1024",17.964912280701753,0.5419921875,"FF","4-Seam Fastball",13.4,-14.5,1.1,"8",17.6,11.3,-7.3,4,"55",0.7282051282051282,0.9256410256410257
"2025","Ryan, Joe","657746","Twins","MIN","R","93.1","553","982",17.535714285714285,0.5631364562118126,"FF","4-Seam Fastball",18.4,-18.4,0,"0",13.4,12.7,-11.5,1.2,"10",0.5076923076923077,0.6230769230769231
"2025","Gallen, Zac","668678","D-backs","AZ","R","93.2","533","1145",20.087719298245613,0.46550218340611355,"FF","4-Seam Fastball",14.3,-14.9,0.6,"4",17.4,4.5,-6.9,-2.5,"-36",0.617948717948718,0.18461538461538463
"2025","Mahle, Tyler","641816","Rangers","TEX","R","92","531","1059",18.25862068965517,0.5014164305949008,"FF","4-Seam Fastball",14.1,-16,2,"12",18.6,10.8,-7.5,3.3,"45",0.8794871794871795,0.8615384615384616
"2025","Ray, Robbie","592662","Giants","SF","L","93.6","523","1022",17.92982456140351,0.5117416829745597,"FF","4-Seam Fastball",12.6,-14.6,2,"14",18.8,8,-6.9,1.2,"17",0.8794871794871795,0.6230769230769231
"2025","Parker, Mitchell","680730","Nationals","WSH","L","92.7","522","980",17.19298245614035,0.5326530612244897,"FF","4-Seam Fastball",13.6,-14.4,0.8,"6",18.3,5,-6.1,-1.1,"-17",0.6641025641025641,0.358974358974359
"2025","Brown, Ben","676962","Cubs","CHC","R","95.4","521","900",15.789473684210526,0.5788888888888889,"FF","4-Seam Fastball",12.8,-13.2,0.4,"3",17.4,7.2,-6.3,0.9,"15",0.5769230769230769,0.5923076923076923
"2025","Francis, Bowden","670102","Blue Jays","TOR","R","92.4","517","920",16.140350877192983,0.5619565217391305,"FF","4-Seam Fastball",13.8,-15.2,1.4,"9",18.6,7.3,-6.7,0.5,"8",0.7871794871794872,0.5282051282051282
"2025","Greene, Hunter","668881","Reds","CIN","R","99.3","516","893",15.39655172413793,0.5778275475923852,"FF","4-Seam Fastball",11.5,-12.1,0.6,"5",16.4,9.4,-8.1,1.2,"15",0.617948717948718,0.6230769230769231
"2025","Senzatela, Antonio","622608","Rockies","COL","R","94.6","513","959",16.82456140350877,0.5349322210636079,"FF","4-Seam Fastball",19,-14.5,-4.5,"-31",11.4,3.8,-7.4,-3.6,"-49",0.041025641025641026,0.11282051282051282
"2025","Crochet, Garrett","676979","Red Sox","BOS","L","96","502","1184",20.06779661016949,0.4239864864864865,"FF","4-Seam Fastball",14,-13.4,-0.6,"-4",15.8,9,-7.2,1.8,"25",0.3923076923076923,0.7025641025641025
"2025","Wheeler, Zack","554430","Phillies","PHI","R","95.8","495","1193",20.92982456140351,0.4149203688181056,"FF","4-Seam Fastball",14.9,-14.8,-0.1,"-1",15.1,9.6,-8.8,0.8,"9",0.4897435897435897,0.5794871794871795
"2025","Williams, Gavin","668909","Guardians","CLE","R","96.9","492","1010",18.035714285714285,0.4871287128712871,"FF","4-Seam Fastball",13.5,-12.7,-0.8,"-6",15.8,10.7,-7.2,3.5,"48",0.35128205128205126,0.8794871794871795
"2025","Pallante, Andre","669467","Cardinals","STL","R","94.2","492","980",17.19298245614035,0.5020408163265306,"FF","4-Seam Fastball",20.5,-14.2,-6.2,"-44",10.3,0.6,-6.8,-6.2,"-91",0.005128205128205128,0.028205128205128206
"2025","Sale, Chris","519242","Braves","ATL","L","94.9","486","1164",20.785714285714285,0.4175257731958763,"FF","4-Seam Fastball",21.4,-16.8,-4.6,"-28",9.1,14.6,-10.3,4.3,"42",0.038461538461538464,0.941025641025641
"2025","Rodón, Carlos","607074","Yankees","NYY","L","94.3","485","1176",21,0.41241496598639454,"FF","4-Seam Fastball",13.3,-14.1,0.9,"6",17.8,10,-6.7,3.3,"50",0.6923076923076923,0.8615384615384616
"2025","Castillo, Luis","622491","Mariners","SEA","R","95","480","1047",18.696428571428573,0.4584527220630373,"FF","4-Seam Fastball",17.5,-17.5,-0.1,"0",13,13.3,-12,1.2,"10",0.4897435897435897,0.6230769230769231
"2025","Paddack, Chris","663978","Twins","MIN","R","93.6","480","960",17.142857142857142,0.5,"FF","4-Seam Fastball",12.4,-13.9,1.5,"11",19,8.8,-6.3,2.4,"39",0.8,0.7871794871794872
"2025","Boyd, Matthew","571510","Cubs","CHC","L","93.1","477","1013",17.771929824561404,0.47087857847976305,"FF","4-Seam Fastball",18.1,-15.9,-2.2,"-14",13.7,12.8,-8.2,4.6,"57",0.1794871794871795,0.9461538461538461
"2025","Fried, Max","608331","Yankees","NYY","L","94","474","1129",20.160714285714285,0.41984056687333926,"FF","4-Seam Fastball",19.9,-14.5,-5.4,"-37",11,0.2,-7,-7.2,"-103",0.015384615384615385,0.015384615384615385
"2025","Pepiot, Ryan","686752","Rays","TB","R","94.9","473","1083",19,0.43674976915974145,"FF","4-Seam Fastball",10.9,-14,3.1,"22",19.5,7.7,-7,0.7,"10",0.9794871794871794,0.558974358974359
"2025","Pivetta, Nick","601713","Padres","SD","R","93.6","469","959",17.436363636363637,0.48905109489051096,"FF","4-Seam Fastball",11.7,-13,1.3,"10",19.7,1.9,-5.2,-3.4,"-65",0.764102564102564,0.1282051282051282
"2025","Baz, Shane","669358","Rays","TB","R","96.8","469","996",17.473684210526315,0.4708835341365462,"FF","4-Seam Fastball",12.4,-13.6,1.3,"9",17,9.9,-8,1.9,"24",0.764102564102564,0.7307692307692307
"2025","Springs, Jeffrey","605488","Athletics","ATH","L","90.3","446","1058",18.24137931034483,0.4215500945179584,"FF","4-Seam Fastball",17.6,-16.6,-1,"-6",16.3,10.8,-7,3.8,"53",0.3230769230769231,0.9076923076923077
"2025","Flaherty, Jack","656427","Tigers","DET","R","92.8","442","1012",17.448275862068964,0.4367588932806324,"FF","4-Seam Fastball",15.7,-16.4,0.7,"4",16.2,5.5,-8.5,-3.1,"-36",0.6410256410256411,0.15897435897435896
"2025","deGrom, Jacob","594798","Rangers","TEX","R","97.1","441","945",16.29310344827586,0.4666666666666667,"FF","4-Seam Fastball",12.8,-13.9,1.1,"8",16.5,9.2,-8.6,0.5,"6",0.7282051282051282,0.5282051282051282
"2025","Heaney, Andrew","571760","Pirates","PIT","L","90.1","434","975",16.810344827586206,0.4451282051282051,"FF","4-Seam Fastball",20.9,-19.9,-1.1,"-5",13.1,16.2,-10.7,5.4,"51",0.3076923076923077,0.9666666666666667
"2025","Skenes, Paul","694973","Pirates","PIT","R","98.1","429","1183",20.396551724137932,0.3626373626373626,"FF","4-Seam Fastball",17.2,-13.2,-4,"-30",11.4,15,-8.5,6.5,"76",0.05641025641025641,0.9923076923076923
"2025","Verlander, Justin","434378","Giants","SF","R","93.9","425","859",15.070175438596491,0.4947613504074505,"FF","4-Seam Fastball",12.4,-13,0.5,"4",18.8,9,-6.9,2,"29",0.6,0.7435897435897436
"2025","Bradley, Taj","671737","Rays","TB","R","96.2","424","976",17.12280701754386,0.4344262295081967,"FF","4-Seam Fastball",11.6,-13.3,1.7,"13",17.9,7,-7.1,-0.1,"-1",0.8358974358974359,0.4512820512820513
"2025","Megill, Tylor","656731","Mets","NYM","R","95.4","421","965",16.92982456140351,0.43626943005181346,"FF","4-Seam Fastball",13,-13.5,0.4,"3",17.4,6.7,-7,-0.3,"-4",0.5769230769230769,0.43846153846153846
"2025","Woo, Bryan","693433","Mariners","SEA","R","95.6","417","994",17.75,0.41951710261569414,"FF","4-Seam Fastball",14.8,-15.8,0.9,"6",15.3,8.1,-9.5,-1.5,"-15",0.6923076923076923,0.3076923076923077
"2025","Kikuchi, Yusei","579328","Angels","LAA","L","94.6","415","1125",20.089285714285715,0.3688888888888889,"FF","4-Seam Fastball",15.5,-15.5,0,"0",15.3,10.4,-8.7,1.7,"20",0.5076923076923077,0.6923076923076923
"2025","Burke, Sean","680732","White Sox","CWS","R","94","415","1017",17.842105263157894,0.408062930186824,"FF","4-Seam Fastball",12.2,-13.7,1.4,"10",18.9,4,-6.3,-2.3,"-36",0.7871794871794872,0.2153846153846154
"2025","Rea, Colin","607067","Cubs","CHC","R","93.7","414","850",14.912280701754385,0.48705882352941177,"FF","4-Seam Fastball",17.1,-15.4,-1.7,"-11",14.1,8.5,-7.9,0.7,"8",0.23333333333333334,0.558974358974359
"2025","Anderson, Tyler","542881","Angels","LAA","L","88.9","413","1035",18.482142857142858,0.39903381642512076,"FF","4-Seam Fastball",15.3,-16.8,1.5,"9",19.6,6.3,-6.2,0.1,"2",0.8,0.4794871794871795
"2025","Holmes, Grant","656550","Braves","ATL","R","94.3","411","1045",18.660714285714285,0.39330143540669854,"FF","4-Seam Fastball",15.7,-15,-0.8,"-5",15,5.3,-7.8,-2.5,"-32",0.35128205128205126,0.18461538461538463
"2025","López, Pablo","641154","Twins","MIN","R","94.5","405","935",16.696428571428573,0.43315508021390375,"FF","4-Seam Fastball",16.5,-14.7,-1.7,"-12",14.2,6.4,-7.8,-1.4,"-18",0.23333333333333334,0.32051282051282054
"2025","Bubic, Kris","663460","Royals","KC","L","92.4","399","1004",17.310344827586206,0.39741035856573703,"FF","4-Seam Fastball",13.8,-15.6,1.8,"12",18.4,4.8,-7.2,-2.4,"-33",0.8512820512820513,0.20256410256410257
"2025","Sears, JP","676664","Athletics","ATH","L","92.2","399","996",17.17241379310345,0.4006024096385542,"FF","4-Seam Fastball",18.4,-17.9,-0.5,"-3",13.9,12,-10,2,"20",0.41025641025641024,0.7435897435897436
"2025","Falter, Bailey","663559","Pirates","PIT","L","92","393","902",15.551724137931034,0.4356984478935698,"FF","4-Seam Fastball",13.6,-15.2,1.5,"10",18.9,3.1,-6.6,-3.5,"-53",0.8,0.11794871794871795
"2025","Smith, Shane","681343","White Sox","CWS","R","94.9","391","910",15.964912280701755,0.42967032967032964,"FF","4-Seam Fastball",16.2,-14.2,-1.9,"-14",14.2,5.3,-7.3,-2,"-28",0.21025641025641026,0.23846153846153847
"2025","Abbott, Andrew","671096","Reds","CIN","L","91.9","382","791",13.637931034482758,0.4829329962073325,"FF","4-Seam Fastball",16.1,-15.6,-0.5,"-3",16.4,8.6,-6.9,1.6,"23",0.41025641025641024,0.6794871794871795
"2025","Ragans, Cole","666142","Royals","KC","L","95.4","381","795",13.706896551724139,0.47924528301886793,"FF","4-Seam Fastball",13.4,-14,0.6,"4",16.9,13.6,-7.2,6.4,"88",0.617948717948718,0.9846153846153847
"2025","Luzardo, Jesús","666200","Phillies","PHI","L","96.4","379","1078",18.912280701754387,0.3515769944341373,"FF","4-Seam Fastball",15.7,-14.2,-1.5,"-10",13.9,11.5,-8.3,3.2,"39",0.26153846153846155,0.8538461538461538
"2025","Yamamoto, Yoshinobu","808967","Dodgers","LAD","R","95.3","379","1024",17.964912280701753,0.3701171875,"FF","4-Seam Fastball",14.1,-14.9,0.8,"6",16.1,7.1,-8.5,-1.5,"-17",0.6641025641025641,0.3076923076923077
"2025","Keller, Mitch","656605","Pirates","PIT","R","93.8","377","1113",19.189655172413794,0.3387241689128482,"FF","4-Seam Fastball",15.6,-14.9,-0.7,"-5",15.6,8.9,-7.3,1.6,"21",0.37435897435897436,0.6794871794871795
"2025","Taillon, Jameson","592791","Cubs","CHC","R","92.4","375","964",16.912280701754387,0.38900414937759337,"FF","4-Seam Fastball",13.9,-14.9,1.1,"7",18.4,8.1,-6.5,1.5,"23",0.7282051282051282,0.6717948717948717
"2025","Williams, Trevor","592866","Nationals","WSH","R","87.5","370","968",16.982456140350877,0.3822314049586777,"FF","4-Seam Fastball",25.6,-23,-2.7,"-12",9.9,2,-6.5,-4.5,"-69",0.12307692307692308,0.07435897435897436
"2025","Cease, Dylan","656302","Padres","SD","R","96.8","370","1013",18.418181818181818,0.36525172754195456,"FF","4-Seam Fastball",10.5,-13.1,2.6,"20",19,4.1,-7.3,-3.2,"-44",0.9461538461538461,0.14102564102564102
"2025","Brown, Hunter","686613","Astros","HOU","R","96.9","368","1047",18.36842105263158,0.35148042024832854,"FF","4-Seam Fastball",11.9,-12.8,0.9,"7",17.4,6.7,-7.1,-0.3,"-4",0.6923076923076923,0.43846153846153846
"2025","Lord, Brad","695418","Nationals","WSH","R","94.9","366","684",12,0.5350877192982456,"FF","4-Seam Fastball",20.2,-16.3,-3.9,"-24",10.2,15.1,-10.2,4.9,"48",0.05897435897435897,0.9512820512820512
"2025","Nelson, Ryne","669194","D-backs","AZ","R","95.7","365","605",10.614035087719298,0.6033057851239669,"FF","4-Seam Fastball",10.7,-13.3,2.6,"20",19.2,3.6,-6.9,-3.2,"-47",0.9461538461538461,0.14102564102564102
"2025","Dollander, Chase","801403","Rockies","COL","R","97.5","363","683",11.982456140350877,0.5314787701317716,"FF","4-Seam Fastball",15.7,-14.4,-1.2,"-9",13.2,11.3,-9.5,1.8,"19",0.29743589743589743,0.7025641025641025
"2025","Rodriguez, Eduardo","593958","D-backs","AZ","L","91.9","345","777",13.631578947368421,0.444015444015444,"FF","4-Seam Fastball",16.6,-15.7,-0.9,"-5",15.8,5.4,-7.1,-1.6,"-23",0.34102564102564104,0.2948717948717949
"2025","Gusto, Ryan","687473","Astros","HOU","R","94","344","708",12.421052631578947,0.4858757062146893,"FF","4-Seam Fastball",12.6,-14.7,2.1,"14",18.8,6.2,-7.2,-1.1,"-15",0.8923076923076924,0.358974358974359
"2025","Ober, Bailey","641927","Twins","MIN","R","90.6","342","918",16.392857142857142,0.37254901960784315,"FF","4-Seam Fastball",16.1,-15.6,-0.5,"-3",17.3,7.8,-5.9,1.8,"30",0.41025641025641024,0.7025641025641025
"2025","Imanaga, Shota","684007","Cubs","CHC","L","91.2","340","692",12.140350877192983,0.4913294797687861,"FF","4-Seam Fastball",14.3,-17.2,3,"17",19.1,12,-8.5,3.4,"40",0.9692307692307692,0.8769230769230769
"2025","Smith-Shawver, AJ","700363","Braves","ATL","R","95.6","331","711",12.696428571428571,0.46554149085794655,"FF","4-Seam Fastball",13.9,-14,0.1,"1",16.1,9.2,-7.6,1.7,"22",0.5333333333333333,0.6923076923076923
"2025","Bibee, Tanner","676440","Guardians","CLE","R","94.5","328","1044",18.642857142857142,0.31417624521072796,"FF","4-Seam Fastball",16.3,-13.8,-2.5,"-18",14.4,5.7,-6.5,-0.8,"-13",0.13076923076923078,0.3871794871794872
"2025","Irvin, Jake","663623","Nationals","WSH","R","92","327","1095",19.210526315789473,0.29863013698630136,"FF","4-Seam Fastball",17.6,-15.5,-2.1,"-14",14.7,8.7,-6.9,1.9,"27",0.18974358974358974,0.7307692307692307
"2025","Woods Richardson, Simeon","680573","Twins","MIN","R","93.1","326","684",12.214285714285714,0.4766081871345029,"FF","4-Seam Fastball",12.6,-14.1,1.5,"10",19.2,5.6,-6,-0.4,"-7",0.8,0.4230769230769231
"2025","Povich, Cade","700249","Orioles","BAL","L","92.2","326","912",16.285714285714285,0.3574561403508772,"FF","4-Seam Fastball",14.8,-15.6,0.8,"5",17.6,10.1,-7.2,2.9,"41",0.6641025641025641,0.8282051282051283
"2025","Pfaadt, Brandon","694297","D-backs","AZ","R","93.4","325","1020",17.894736842105264,0.31862745098039214,"FF","4-Seam Fastball",15.2,-15,-0.2,"-1",16.2,5.9,-7.1,-1.2,"-17",0.4666666666666667,0.3384615384615385
"2025","Canning, Griffin","656288","Mets","NYM","R","93.9","323","938",16.45614035087719,0.3443496801705757,"FF","4-Seam Fastball",15.2,-15.3,0.1,"0",16.1,9.7,-7.9,1.8,"22",0.5333333333333333,0.7025641025641025
"2025","Schwellenbach, Spencer","680885","Braves","ATL","R","96.8","322","999",17.839285714285715,0.32232232232232233,"FF","4-Seam Fastball",14.2,-13.7,-0.6,"-4",15,5.6,-8.1,-2.5,"-31",0.3923076923076923,0.18461538461538463
"2025","Warren, Will","701542","Yankees","NYY","R","93.2","320","909",16.232142857142858,0.35203520352035206,"FF","4-Seam Fastball",15.9,-15.7,-0.2,"-1",15.7,9,-8,1.1,"13",0.4666666666666667,0.6102564102564103
"2025","Wacha, Michael","608379","Royals","KC","R","93.1","309","929",16.017241379310345,0.3326157158234661,"FF","4-Seam Fastball",13.3,-14,0.7,"5",18.4,6.3,-5.9,0.4,"7",0.6410256410256411,0.5153846153846153
"2025","Eovaldi, Nathan","543135","Rangers","TEX","R","94.1","307","1065",18.362068965517242,0.28826291079812205,"FF","4-Seam Fastball",19.5,-16.2,-3.3,"-20",11.7,14.8,-9.1,5.7,"62",0.07948717948717948,0.9743589743589743
"2025","Ortiz, Luis L.","682847","Guardians","CLE","R","96.2","306","1023",18.267857142857142,0.2991202346041056,"FF","4-Seam Fastball",17.4,-15.5,-1.9,"-12",12.3,12.2,-9.7,2.5,"26",0.21025641025641026,0.8025641025641026
"2025","Smith, Cade","671922","Guardians","CLE","R","95.9","304","428",7.642857142857143,0.7102803738317757,"FF","4-Seam Fastball",13.2,-13.3,0,"0",16.7,8.8,-7.1,1.8,"25",0.5076923076923077,0.7025641025641025
"2025","Severino, Luis","622663","Athletics","ATH","R","96","303","1161",20.017241379310345,0.26098191214470284,"FF","4-Seam Fastball",13.6,-13.7,0.2,"1",16.4,7,-7.5,-0.5,"-6",0.5461538461538461,0.4076923076923077
"2025","Sasaki, Roki","808963","Dodgers","LAD","R","96","299","596",10.456140350877194,0.5016778523489933,"FF","4-Seam Fastball",15.5,-13,-2.5,"-19",14.3,10.5,-6.9,3.7,"53",0.13076923076923078,0.9025641025641026
"2025","Bido, Osvaldo","674370","Athletics","ATH","R","94.2","299","737",12.706896551724139,0.4056987788331072,"FF","4-Seam Fastball",15.4,-14.8,-0.6,"-4",15.8,10.7,-7.4,3.3,"45",0.3923076923076923,0.8615384615384616
"2025","Lodolo, Nick","666157","Reds","CIN","L","93.5","299","1004",17.310344827586206,0.29780876494023906,"FF","4-Seam Fastball",22.3,-16,-6.3,"-39",9.3,17.5,-8.6,8.9,"104",0.002564102564102564,1
"2025","Miller, Bryce","682243","Mariners","SEA","R","94.4","290","730",13.035714285714286,0.3972602739726027,"FF","4-Seam Fastball",11.5,-14.7,3.1,"21",19.3,5.9,-7.5,-1.5,"-21",0.9794871794871794,0.3076923076923077
"2025","Skubal, Tarik","669373","Tigers","DET","L","97.7","289","985",16.982758620689655,0.2934010152284264,"FF","4-Seam Fastball",11.2,-12.4,1.3,"10",17.6,4,-7.3,-3.3,"-45",0.764102564102564,0.13333333333333333
"2025","Senga, Kodai","673540","Mets","NYM","R","94.8","287","897",15.736842105263158,0.31995540691192864,"FF","4-Seam Fastball",13.9,-14.4,0.5,"4",16.7,8.2,-7.5,0.8,"11",0.6,0.5794871794871795
"2025","Santillan, Tony","663574","Reds","CIN","R","96.2","284","439",7.568965517241379,0.6469248291571754,"FF","4-Seam Fastball",16.3,-15.3,-1,"-7",13.4,11.9,-9.6,2.3,"24",0.3230769230769231,0.7743589743589744
"2025","Blanco, Ronel","669854","Astros","HOU","R","93.2","283","794",13.929824561403509,0.35642317380352645,"FF","4-Seam Fastball",13,-14.5,1.5,"10",18.8,6.7,-6.6,0.1,"2",0.8,0.4794871794871795
"2025","Martin, Davis","663436","White Sox","CWS","R","93.5","283","980",17.19298245614035,0.28877551020408165,"FF","4-Seam Fastball",15.8,-14.7,-1.1,"-8",15.6,5.1,-7,-1.9,"-28",0.3076923076923077,0.2512820512820513
"2025","Rasmussen, Drew","656876","Rays","TB","R","95.7","281","856",15.017543859649123,0.3282710280373832,"FF","4-Seam Fastball",12.3,-13.6,1.3,"10",17.6,4.2,-7.2,-2.9,"-41",0.764102564102564,0.16923076923076924
"2025","Morton, Charlie","450203","Orioles","BAL","R","94","277","862",15.392857142857142,0.3213457076566125,"FF","4-Seam Fastball",18.1,-15.8,-2.3,"-15",13,11.5,-8.7,2.8,"32",0.16153846153846155,0.823076923076923
"2025","Lorenzen, Michael","547179","Royals","KC","R","94.3","277","1015",17.5,0.2729064039408867,"FF","4-Seam Fastball",15,-15,-0.1,"0",15.8,11,-8.1,2.9,"35",0.4897435897435897,0.8282051282051283
"2025","Kelly, Merrill","518876","D-backs","AZ","R","91.7","274","1081",18.964912280701753,0.2534690101757632,"FF","4-Seam Fastball",17.5,-16.9,-0.6,"-4",15.2,9.3,-8.7,0.6,"7",0.3923076923076923,0.541025641025641
"2025","Vest, Will","676684","Tigers","DET","R","96.9","273","468",8.068965517241379,0.5833333333333334,"FF","4-Seam Fastball",12.8,-13.7,1,"7",16.5,6.2,-8.2,-2,"-25",0.7128205128205128,0.23846153846153847
"2025","Jobe, Jackson","695549","Tigers","DET","R","96.5","273","877",15.120689655172415,0.3112884834663626,"FF","4-Seam Fastball",11.8,-14,2.2,"16",17.8,7.5,-8.1,-0.7,"-9",0.9025641025641026,0.4
"2025","Sterner, Justin","686993","Athletics","ATH","R","93.5","268","487",8.39655172413793,0.5503080082135524,"FF","4-Seam Fastball",14.2,-15.8,1.6,"10",17.5,9.3,-8.3,1,"12",0.8333333333333334,0.5974358974358974
"2025","Kremer, Dean","665152","Orioles","BAL","R","93.6","265","1003",17.910714285714285,0.2642073778664008,"FF","4-Seam Fastball",13.1,-14.9,1.8,"12",18.4,8,-7.2,0.8,"10",0.8512820512820513,0.5794871794871795
"2025","Dobbins, Hunter","690928","Red Sox","BOS","R","95.6","265","623",10.559322033898304,0.42536115569823435,"FF","4-Seam Fastball",13.9,-13.7,-0.2,"-2",16,2.2,-7.1,-4.9,"-69",0.4666666666666667,0.05897435897435897
"2025","Allen, Logan","671106","Guardians","CLE","L","90.5","258","892",15.928571428571429,0.289237668161435,"FF","4-Seam Fastball",17.9,-18.8,0.9,"5",15.7,6.6,-9.8,-3.2,"-33",0.6923076923076923,0.14102564102564102
"2025","Estrada, Jeremiah","669093","Padres","SD","R","97.9","254","409",7.4363636363636365,0.6210268948655256,"FF","4-Seam Fastball",8.7,-12.6,3.8,"30",20.2,3,-7.6,-4.6,"-60",0.9974358974358974,0.06923076923076923
"2025","Mize, Casey","663554","Tigers","DET","R","94.4","253","756",13.03448275862069,0.33465608465608465,"FF","4-Seam Fastball",13.7,-14.3,0.6,"4",17.1,7.7,-7,0.7,"10",0.617948717948718,0.558974358974359
"2025","Mlodzinski, Carmen","669387","Pirates","PIT","R","95.4","252","686",11.827586206896552,0.3673469387755102,"FF","4-Seam Fastball",18.7,-15.7,-3.1,"-20",11.4,9.3,-9.4,-0.1,"-1",0.08717948717948718,0.4512820512820513
"2025","Márquez, Germán","608566","Rockies","COL","R","95.3","251","836",14.666666666666666,0.30023923444976075,"FF","4-Seam Fastball",16.1,-14.5,-1.6,"-11",14.1,9.5,-8.1,1.3,"16",0.2564102564102564,0.6461538461538462
"2025","Knack, Landon","689017","Dodgers","LAD","R","93.2","248","530",9.298245614035087,0.4679245283018868,"FF","4-Seam Fastball",12.3,-15.6,3.3,"21",19.3,6.9,-8,-1.2,"-14",0.9846153846153847,0.3384615384615385
"2025","Peterson, David","656849","Mets","NYM","L","92.5","247","1040",18.24561403508772,0.2375,"FF","4-Seam Fastball",18.1,-14.5,-3.6,"-25",14,5.3,-6.3,-1,"-15",0.0641025641025641,0.37435897435897436
"2025","Alcantara, Sandy","645261","Marlins","MIA","R","97.4","247","956",17.381818181818183,0.2583682008368201,"FF","4-Seam Fastball",16.3,-13.6,-2.7,"-20",12.8,14.9,-8.2,6.7,"81",0.12307692307692308,0.9948717948717949
"2025","Liberatore, Matthew","669461","Cardinals","STL","L","94.4","244","935",16.403508771929825,0.2609625668449198,"FF","4-Seam Fastball",14.4,-13.7,-0.6,"-5",16.4,6.9,-6.3,0.6,"9",0.3923076923076923,0.541025641025641
"2025","Giolito, Lucas","608337","Red Sox","BOS","R","93.1","241","523",8.864406779661017,0.4608030592734226,"FF","4-Seam Fastball",14.1,-14.5,0.4,"3",17.7,7.2,-6.5,0.7,"11",0.5769230769230769,0.558974358974359
"2025","Pagán, Emilio","641941","Reds","CIN","R","95.1","240","392",6.758620689655173,0.6122448979591837,"FF","4-Seam Fastball",11.7,-14.4,2.7,"19",18.7,6.4,-7.7,-1.3,"-16",0.9512820512820512,0.33076923076923076
"2025","Mikolas, Miles","571945","Cardinals","STL","R","91.9","239","861",15.105263157894736,0.2775842044134727,"FF","4-Seam Fastball",17.5,-15.1,-2.4,"-16",15,8.2,-6.4,1.8,"27",0.14871794871794872,0.7025641025641025
"2025","Patrick, Chad","694477","Brewers","MIL","R","93.7","236","959",16.53448275862069,0.24608967674661106,"FF","4-Seam Fastball",14.5,-15.5,0.9,"6",16.8,6.9,-7.9,-1.1,"-13",0.6923076923076923,0.358974358974359
"2025","Miller, Shelby","571946","D-backs","AZ","R","94.9","233","352",6.175438596491228,0.6619318181818182,"FF","4-Seam Fastball",12.5,-14.8,2.3,"15",18,10.9,-8.2,2.7,"33",0.9102564102564102,0.8128205128205128
"2025","Palencia, Daniel","694037","Cubs","CHC","R","99.2","232","317",5.56140350877193,0.7318611987381703,"FF","4-Seam Fastball",12.1,-12.8,0.7,"5",15.9,12.6,-8.8,3.8,"43",0.6410256410256411,0.9076923076923077
"2025","Vesia, Alex","681911","Dodgers","LAD","L","92.4","232","436",7.649122807017544,0.5321100917431193,"FF","4-Seam Fastball",10.8,-15.4,4.7,"30",21.4,5.9,-7.1,-1.2,"-17",1,0.3384615384615385
"2025","King, Bryan","687911","Astros","HOU","L","91.9","231","377",6.614035087719298,0.6127320954907162,"FF","4-Seam Fastball",17.7,-16.5,-1.3,"-8",14.7,4,-8,-4,"-50",0.28205128205128205,0.09743589743589744
"2025","King, Michael","650633","Padres","SD","R","93.7","231","923",16.78181818181818,0.2502708559046587,"FF","4-Seam Fastball",14.6,-15.3,0.8,"5",17,7.1,-8,-0.8,"-11",0.6641025641025641,0.3871794871794872
"2025","Leiter, Jack","683004","Rangers","TEX","R","97.5","230","773",13.327586206896552,0.2975420439844761,"FF","4-Seam Fastball",11.6,-13.2,1.5,"12",17.5,8.3,-8.1,0.2,"2",0.8,0.4948717948717949
"2025","Wentz, Joey","666214","Pirates","PIT","L","93.9","229","457",7.879310344827586,0.5010940919037199,"FF","4-Seam Fastball",13.8,-13.8,0,"0",17.3,5.9,-6.1,-0.3,"-4",0.5076923076923077,0.43846153846153846
"2025","Chivilli, Angel","683409","Rockies","COL","R","96.9","227","489",8.578947368421053,0.46421267893660534,"FF","4-Seam Fastball",20.2,-13.6,-6.6,"-49",8.9,14.4,-8,6.4,"80",0,0.9846153846153847
"2025","Hernández, Carlos","672578","Phillies","PHI","R","97.8","224","391",6.859649122807017,0.5728900255754475,"FF","4-Seam Fastball",11,-12.3,1.3,"10",17.8,8.7,-7.4,1.4,"19",0.764102564102564,0.6564102564102564
"2025","Akin, Keegan","669211","Orioles","BAL","L","93.1","224","442",7.892857142857143,0.5067873303167421,"FF","4-Seam Fastball",14.5,-15.3,0.8,"5",17.4,12.6,-8,4.7,"59",0.6641025641025641,0.9487179487179487
"2025","Finnegan, Kyle","640448","Nationals","WSH","R","96","224","337",5.912280701754386,0.6646884272997032,"FF","4-Seam Fastball",12.6,-13.9,1.2,"9",17.1,10.6,-7.6,2.9,"39",0.7487179487179487,0.8282051282051283
"2025","Lugo, Seth","607625","Royals","KC","R","92.1","224","933",16.086206896551722,0.24008574490889603,"FF","4-Seam Fastball",16.8,-16.4,-0.4,"-2",15.4,6.9,-8.3,-1.4,"-17",0.441025641025641,0.32051282051282054
"2025","Stanek, Ryne","592773","Mets","NYM","R","98.4","223","341",5.982456140350878,0.6539589442815249,"FF","4-Seam Fastball",9.8,-11.7,1.9,"16",18.8,8.7,-6.7,2,"30",0.8666666666666667,0.7435897435897436
"2025","Littell, Zack","641793","Rays","TB","R","92","223","942",16.526315789473685,0.2367303609341826,"FF","4-Seam Fastball",16.3,-15.5,-0.8,"-5",16,6.9,-6.9,0,"0",0.35128205128205126,0.4666666666666667
"2025","Newcomb, Sean","656794","Athletics","ATH","L","92.6","223","800",13.793103448275861,0.27875,"FF","4-Seam Fastball",16,-15.3,-0.7,"-5",16.1,9.6,-7.6,2,"27",0.37435897435897436,0.7435897435897436
"2025","Freeland, Kyle","607536","Rockies","COL","L","91.7","221","975",17.105263157894736,0.22666666666666666,"FF","4-Seam Fastball",17.5,-15.8,-1.7,"-11",15,7.7,-7,0.7,"9",0.23333333333333334,0.558974358974359
"2025","Nola, Aaron","605400","Phillies","PHI","R","91.4","220","863",15.140350877192983,0.2549246813441483,"FF","4-Seam Fastball",18.2,-18.3,0.1,"1",14.7,13.7,-9.9,3.8,"39",0.5333333333333333,0.9076923076923077
"2025","Birdsong, Hayden","806185","Giants","SF","R","96","220","554",9.719298245614034,0.3971119133574007,"FF","4-Seam Fastball",11.1,-12.8,1.7,"13",18.7,6.2,-6.3,-0.1,"-2",0.8358974358974359,0.4512820512820513
"2025","Meyer, Max","676974","Marlins","MIA","R","95","218","962",17.490909090909092,0.22661122661122662,"FF","4-Seam Fastball",15,-14.6,-0.4,"-2",15.4,9,-7.9,1.2,"15",0.441025641025641,0.6230769230769231
"2025","Scott, Tanner","656945","Dodgers","LAD","L","96.1","214","387",6.7894736842105265,0.5529715762273901,"FF","4-Seam Fastball",12.6,-15.1,2.5,"17",17,6.1,-9.3,-3.2,"-34",0.9333333333333333,0.14102564102564102
"2025","Martinez, Nick","607259","Reds","CIN","R","92.6","213","942",16.24137931034483,0.22611464968152867,"FF","4-Seam Fastball",13.8,-15.3,1.5,"10",18.3,5.2,-7.2,-2,"-27",0.8,0.23846153846153847
"2025","Cantillo, Joey","676282","Guardians","CLE","L","91.7","212","517",9.232142857142858,0.41005802707930367,"FF","4-Seam Fastball",15.2,-15.3,0,"0",17.3,6.6,-6.4,0.1,"2",0.5076923076923077,0.4794871794871795
"2025","Suarez, Robert","663158","Padres","SD","R","98.3","212","361",6.5636363636363635,0.5872576177285319,"FF","4-Seam Fastball",9.9,-11.9,2,"17",18.7,6.8,-7.2,-0.4,"-6",0.8794871794871795,0.4230769230769231
"2025","Gonsolin, Tony","664062","Dodgers","LAD","R","93.4","210","519",9.105263157894736,0.4046242774566474,"FF","4-Seam Fastball",14.9,-15,0,"0",16.6,10.2,-7.4,2.7,"37",0.5076923076923077,0.8128205128205128
"2025","Beeks, Jalen","656222","D-backs","AZ","L","94.7","210","468",8.210526315789474,0.44871794871794873,"FF","4-Seam Fastball",14.2,-14.1,-0.1,"0",16.5,6,-7,-1,"-14",0.4897435897435897,0.37435897435897436
"2025","Berríos, José","621244","Blue Jays","TOR","R","93.1","209","1058",18.56140350877193,0.19754253308128544,"FF","4-Seam Fastball",16.3,-15.6,-0.7,"-5",15.5,10,-7.6,2.4,"31",0.37435897435897436,0.7871794871794872
"2025","Fairbanks, Pete","664126","Rays","TB","R","97.1","209","394",6.912280701754386,0.5304568527918782,"FF","4-Seam Fastball",11.5,-11.4,-0.1,"-1",17.5,0.8,-5,-5.8,"-115",0.4897435897435897,0.038461538461538464
"2025","Abreu, Bryan","650556","Astros","HOU","R","97.2","208","406",7.12280701754386,0.5123152709359606,"FF","4-Seam Fastball",12.4,-13.6,1.3,"9",16.9,6.5,-8.4,-1.8,"-22",0.764102564102564,0.2641025641025641
"2025","Lively, Ben","594902","Guardians","CLE","R","89.7","206","719",12.839285714285714,0.2865090403337969,"FF","4-Seam Fastball",17.2,-19.3,2,"11",16.8,8.7,-8.8,-0.1,"-1",0.8794871794871795,0.4512820512820513
"2025","Mears, Nick","683232","Brewers","MIL","R","94.7","204","349",6.017241379310345,0.5845272206303725,"FF","4-Seam Fastball",12.2,-13.7,1.5,"11",18.5,4.7,-6.4,-1.6,"-26",0.8,0.2948717948717949
"2025","Estévez, Carlos","608032","Royals","KC","R","95.2","200","369",6.362068965517241,0.5420054200542005,"FF","4-Seam Fastball",12.8,-14.3,1.5,"10",17.5,8.1,-7.6,0.6,"8",0.8,0.541025641025641
"2025","Detmers, Reid","672282","Angels","LAA","L","94.9","199","432",7.714285714285714,0.46064814814814814,"FF","4-Seam Fastball",12.5,-14.3,1.9,"13",18.1,7.9,-7.4,0.5,"7",0.8666666666666667,0.5282051282051282
"2025","Weaver, Luke","596133","Yankees","NYY","R","94.3","198","342",6.107142857142857,0.5789473684210527,"FF","4-Seam Fastball",11.7,-15.3,3.6,"23",19.3,7.1,-8.2,-1.2,"-14",0.9948717948717949,0.3384615384615385
"2025","Keller, Brad","641745","Cubs","CHC","R","97","198","451",7.912280701754386,0.43902439024390244,"FF","4-Seam Fastball",13.7,-13.2,-0.5,"-4",15.4,1.1,-7.5,-6.4,"-85",0.41025641025641024,0.02564102564102564
"2025","Green, Chad","643338","Blue Jays","TOR","R","94.9","197","372",6.526315789473684,0.5295698924731183,"FF","4-Seam Fastball",12.1,-14,1.9,"14",18.6,6.9,-7,0,"0",0.8666666666666667,0.4666666666666667
"2025","Baker, Bryan","641329","Orioles","BAL","R","96.7","196","380",6.785714285714286,0.5157894736842106,"FF","4-Seam Fastball",10.6,-12.3,1.7,"14",18.8,4.7,-6.2,-1.5,"-25",0.8358974358974359,0.3076923076923077
"2025","Leasure, Jordan","673929","White Sox","CWS","R","96.2","196","356",6.245614035087719,0.550561797752809,"FF","4-Seam Fastball",10,-13.3,3.3,"25",19.8,4.3,-7.2,-2.9,"-40",0.9846153846153847,0.16923076923076924
"2025","Legumina, Casey","668984","Mariners","SEA","R","93.9","195","337",6.017857142857143,0.5786350148367952,"FF","4-Seam Fastball",17.5,-18.2,0.7,"4",13.8,14.9,-11.8,3.1,"26",0.6410256410256411,0.8461538461538461
"2025","Feltner, Ryan","663372","Rockies","COL","R","93.5","195","522",9.157894736842104,0.3735632183908046,"FF","4-Seam Fastball",20.1,-15.7,-4.4,"-28",10.9,3.9,-8.2,-4.4,"-53",0.046153846153846156,0.08461538461538462
"2025","Quantrill, Cal","615698","Marlins","MIA","R","93.2","193","860",15.636363636363637,0.22441860465116278,"FF","4-Seam Fastball",14.9,-14.5,-0.4,"-3",16.7,10.6,-6.5,4.2,"64",0.441025641025641,0.9384615384615385
"2025","Megill, Trevor","656730","Brewers","MIL","R","98.4","192","293",5.051724137931035,0.6552901023890785,"FF","4-Seam Fastball",9.2,-11.4,2.3,"20",19.3,4,-6.5,-2.5,"-38",0.9102564102564102,0.18461538461538463
"2025","Rodríguez, Randy","678495","Giants","SF","R","97.1","190","355",6.228070175438597,0.5352112676056338,"FF","4-Seam Fastball",10.9,-13.7,2.8,"21",18.3,6.4,-8.5,-2.1,"-25",0.9615384615384616,0.22564102564102564
"2025","Miller, Mason","695243","Athletics","ATH","R","100.8","190","326",5.620689655172414,0.5828220858895705,"FF","4-Seam Fastball",10.3,-11,0.7,"7",16.9,8.6,-8,0.6,"8",0.6410256410256411,0.541025641025641
"2025","Gray, Sonny","543243","Cardinals","STL","R","91.8","190","962",16.87719298245614,0.19750519750519752,"FF","4-Seam Fastball",21.5,-16.4,-5.2,"-32",10.8,1.3,-7.8,-9,"-116",0.017948717948717947,0
"2025","Dreyer, Jack","676263","Dodgers","LAD","L","92.5","190","463",8.12280701754386,0.4103671706263499,"FF","4-Seam Fastball",12.3,-15.2,3,"19",19.9,7.5,-6.9,0.6,"9",0.9692307692307692,0.541025641025641
"2025","Rodríguez, Yariel","684320","Blue Jays","TOR","R","96","188","446",7.824561403508772,0.42152466367713004,"FF","4-Seam Fastball",15.4,-14,-1.3,"-9",14.5,4.8,-7.9,-3.1,"-39",0.28205128205128205,0.15897435897435896
"2025","Casparius, Ben","676508","Dodgers","LAD","R","96.1","187","569",9.982456140350877,0.3286467486818981,"FF","4-Seam Fastball",11.4,-13.8,2.4,"18",18.3,2.9,-7.8,-4.9,"-63",0.9230769230769231,0.05897435897435897
"2025","Kochanowicz, Jack","686799","Angels","LAA","R","95.7","187","940",16.785714285714285,0.19893617021276597,"FF","4-Seam Fastball",16.1,-13.7,-2.3,"-17",13.9,7.7,-7.3,0.4,"6",0.16153846153846155,0.5153846153846153
"2025","Díaz, Edwin","621242","Mets","NYM","R","96.6","187","375",6.578947368421052,0.49866666666666665,"FF","4-Seam Fastball",16.3,-15.8,-0.5,"-3",13.2,13.2,-10.8,2.4,"22",0.41025641025641024,0.7871794871794872
"2025","Kranick, Max","668820","Mets","NYM","R","95.5","186","453",7.947368421052632,0.4105960264900662,"FF","4-Seam Fastball",12.8,-13.7,0.9,"6",17.3,2.8,-7.1,-4.4,"-61",0.6923076923076923,0.08461538461538462
"2025","Montgomery, Mason","682254","Rays","TB","L","98.8","185","313",5.491228070175438,0.5910543130990416,"FF","4-Seam Fastball",8.9,-12.3,3.4,"27",19.1,5.2,-8,-2.8,"-35",0.9897435897435898,0.17435897435897435
"2025","Suter, Brent","608718","Reds","CIN","L","86.3","182","427",7.362068965517241,0.4262295081967213,"FF","4-Seam Fastball",23,-21.9,-1,"-5",13.8,3.7,1.8,-1.9,"106",0.3230769230769231,0.2512820512820513
"2025","Wesneski, Hayden","669713","Astros","HOU","R","93.8","182","508",8.912280701754385,0.35826771653543305,"FF","4-Seam Fastball",17.4,-14.4,-3,"-21",13.8,6.3,-6.8,-0.5,"-7",0.09743589743589744,0.4076923076923077
"2025","Williams, Devin","642207","Yankees","NYY","R","93.5","181","390",6.964285714285714,0.4641025641025641,"FF","4-Seam Fastball",14.7,-15.1,0.5,"3",16.9,11,-7.9,3.1,"40",0.6,0.8461538461538461
"2025","Hernández, Daysbel","678226","Braves","ATL","R","97.9","180","424",7.571428571428571,0.42452830188679247,"FF","4-Seam Fastball",12.3,-13.3,1,"8",16.3,9,-8.4,0.7,"8",0.7128205128205128,0.558974358974359
"2025","Harris, Hogan","663687","Athletics","ATH","L","92.7","180","333",5.741379310344827,0.5405405405405406,"FF","4-Seam Fastball",14.9,-14.9,0,"0",17.3,8.7,-6.7,2,"30",0.5076923076923077,0.7435897435897436
"2025","Myers, Tobias","668964","Brewers","MIL","R","92.6","179","368",6.344827586206897,0.48641304347826086,"FF","4-Seam Fastball",12.4,-15,2.7,"18",19.6,5.2,-6.7,-1.5,"-22",0.9512820512820512,0.3076923076923077
"2025","Varland, Louis","686973","Twins","MIN","R","98","178","365",6.517857142857143,0.4876712328767123,"FF","4-Seam Fastball",12.7,-13,0.4,"3",16,7.1,-8.3,-1.2,"-14",0.5769230769230769,0.3384615384615385
"2025","Jacob, Alek","689690","Padres","SD","R","85.4","177","438",7.963636363636364,0.4041095890410959,"FF","4-Seam Fastball",24.3,-24.5,0.2,"1",13.7,13.6,-13.6,0,"0",0.5461538461538461,0.4666666666666667
"2025","Soroka, Michael","647336","Nationals","WSH","R","94.1","176","415",7.280701754385965,0.42409638554216866,"FF","4-Seam Fastball",15.6,-15.4,-0.2,"-2",15.3,9.3,-8.3,1,"13",0.4666666666666667,0.5974358974358974
"2025","Steele, Justin","657006","Cubs","CHC","L","90.8","176","313",5.491228070175438,0.5623003194888179,"FF","4-Seam Fastball",18.4,-16.1,-2.4,"-15",14.9,0.8,-6.8,-6,"-89",0.14871794871794872,0.035897435897435895
"2025","Hodge, Porter","687863","Cubs","CHC","R","96","175","344",6.035087719298246,0.5087209302325582,"FF","4-Seam Fastball",15.2,-13.5,-1.7,"-12",14.5,0.3,-7.5,-7.7,"-103",0.23333333333333334,0.007692307692307693
"2025","Hoglund, Gunnar","680684","Athletics","ATH","R","93.7","175","454",7.827586206896552,0.3854625550660793,"FF","4-Seam Fastball",12.9,-14.1,1.2,"8",18.6,7.3,-6.3,1,"16",0.7487179487179487,0.5974358974358974
"2025","Montero, Keider","672456","Tigers","DET","R","93.3","174","585",10.086206896551724,0.29743589743589743,"FF","4-Seam Fastball",16.1,-15.3,-0.8,"-6",15.3,5,-7.4,-2.4,"-32",0.35128205128205126,0.20256410256410257
"2025","Montero, Rafael","606160","Braves","ATL","R","94.7","173","367",6.553571428571429,0.4713896457765668,"FF","4-Seam Fastball",15.6,-16.3,0.7,"4",14.9,9.7,-9.6,0.1,"1",0.6410256410256411,0.4794871794871795
"2025","De Los Santos, Enyel","660853","Braves","ATL","R","96.3","172","395",7.053571428571429,0.43544303797468353,"FF","4-Seam Fastball",16.8,-14.6,-2.2,"-15",12.8,11.2,-8.8,2.3,"27",0.1794871794871795,0.7743589743589744
"2025","Booser, Cam","592155","White Sox","CWS","L","96","172","337",5.912280701754386,0.5103857566765578,"FF","4-Seam Fastball",13.6,-13.7,0.1,"1",16.3,7.3,-7.5,-0.1,"-2",0.5333333333333333,0.4512820512820513
"2025","Buehler, Walker","621111","Red Sox","BOS","R","93.7","170","665",11.271186440677965,0.2556390977443609,"FF","4-Seam Fastball",13.5,-15.6,2,"13",17.8,6.4,-8.1,-1.8,"-22",0.8794871794871795,0.2641025641025641
"2025","Merryweather, Julian","657240","Cubs","CHC","R","96","169","353",6.192982456140351,0.47875354107648727,"FF","4-Seam Fastball",13,-13.3,0.3,"2",16.8,4.7,-7,-2.3,"-33",0.5641025641025641,0.2153846153846154
"2025","Bachar, Lake","669199","Marlins","MIA","R","93.9","169","432",7.8545454545454545,0.3912037037037037,"FF","4-Seam Fastball",12.5,-15.3,2.8,"18",18.8,9.1,-8,1.2,"15",0.9615384615384616,0.6230769230769231
"2025","Gilbert, Logan","669302","Mariners","SEA","R","95.5","168","499",8.910714285714286,0.3366733466933868,"FF","4-Seam Fastball",12.9,-13.7,0.8,"6",17.3,9.5,-7.3,2.2,"31",0.6641025641025641,0.7666666666666667
"2025","Lucas, Easton","687922","Blue Jays","TOR","L","93.3","167","298",5.228070175438597,0.5604026845637584,"FF","4-Seam Fastball",14.1,-14.7,0.7,"5",17.7,5,-6.8,-1.7,"-26",0.6410256410256411,0.27692307692307694
"2025","Chapman, Aroldis","547973","Red Sox","BOS","L","98.6","166","345",5.8474576271186445,0.4811594202898551,"FF","4-Seam Fastball",9.5,-11.7,2.2,"19",18.8,3.8,-7.4,-3.7,"-49",0.9025641025641026,0.1076923076923077
"2025","Alcala, Jorge","660896","Twins","MIN","R","97.1","166","355",6.339285714285714,0.4676056338028169,"FF","4-Seam Fastball",11,-12.1,1.1,"9",18.3,9.6,-6.5,3,"47",0.7282051282051282,0.841025641025641
"2025","Burke, Brock","656271","Angels","LAA","L","95.6","166","366",6.535714285714286,0.453551912568306,"FF","4-Seam Fastball",14.2,-13.3,-1,"-7",15.9,9,-6.7,2.2,"33",0.3230769230769231,0.7666666666666667
"2025","Domínguez, Seranthony","622554","Orioles","BAL","R","97.6","165","347",6.196428571428571,0.4755043227665706,"FF","4-Seam Fastball",13.2,-13.6,0.5,"3",15.7,5.4,-8.7,-3.3,"-38",0.6,0.13333333333333333
"2025","Strahm, Matt","621381","Phillies","PHI","L","92","164","405",7.105263157894737,0.4049382716049383,"FF","4-Seam Fastball",15.9,-17.2,1.2,"7",16.7,14,-9,5,"55",0.7487179487179487,0.9538461538461539
"2025","Brieske, Beau","689225","Tigers","DET","R","95.7","164","337",5.810344827586207,0.486646884272997,"FF","4-Seam Fastball",11.6,-14.1,2.5,"18",18.3,4.6,-7.8,-3.2,"-41",0.9333333333333333,0.14102564102564102
"2025","Hudson, Bryan","663542","Brewers","MIL","L","90.1","164","234",4.0344827586206895,0.7008547008547008,"FF","4-Seam Fastball",20.7,-19.1,-1.6,"-9",13.1,9.4,-9.4,0,"0",0.2564102564102564,0.4666666666666667
"2025","Yates, Kirby","489446","Dodgers","LAD","R","92.8","164","338",5.9298245614035086,0.48520710059171596,"FF","4-Seam Fastball",17.9,-17.4,-0.5,"-3",14,13.9,-9.9,4,"41",0.41025641025641024,0.9256410256410257
"2025","Alexander, Tyler","641302","Brewers","MIL","L","90.1","162","606",10.448275862068966,0.26732673267326734,"FF","4-Seam Fastball",17.9,-17.3,-0.6,"-4",15.8,8.5,-7.8,0.7,"8",0.3923076923076923,0.558974358974359
"2025","Okert, Steven","595345","Astros","HOU","L","92.4","162","357",6.2631578947368425,0.453781512605042,"FF","4-Seam Fastball",15.9,-15.6,-0.3,"-2",16.5,8.8,-7.2,1.6,"22",0.4564102564102564,0.6794871794871795
"2025","Horton, Cade","690990","Cubs","CHC","R","95.5","162","331",5.807017543859649,0.48942598187311176,"FF","4-Seam Fastball",15.6,-14.1,-1.5,"-11",14.5,1,-7.5,-8.5,"-113",0.26153846153846155,0.002564102564102564
"2025","Ferguson, Tyler","621053","Athletics","ATH","R","94.8","162","411",7.086206896551724,0.39416058394160586,"FF","4-Seam Fastball",16.4,-14.6,-1.8,"-12",14.3,9.3,-7.6,1.7,"22",0.2230769230769231,0.6923076923076923
"2025","Duran, Jhoan","661395","Twins","MIN","R","100.2","161","419",7.482142857142857,0.38424821002386633,"FF","4-Seam Fastball",14.9,-12,-3,"-25",12.5,13.7,-8.5,5.1,"60",0.09743589743589744,0.9564102564102565
"2025","Scott, Tayler","605463","Astros","HOU","R","92","161","311",5.456140350877193,0.5176848874598071,"FF","4-Seam Fastball",22,-19.1,-2.9,"-15",10.8,15.5,-11.4,4.1,"36",0.10256410256410256,0.9358974358974359
"2025","Halvorsen, Seth","678020","Rockies","COL","R","100","160","345",6.052631578947368,0.463768115942029,"FF","4-Seam Fastball",14.7,-11.8,-2.9,"-25",12.7,10.3,-8.4,1.9,"23",0.10256410256410256,0.7307692307692307
"2025","Helsley, Ryan","664854","Cardinals","STL","R","99","159","343",6.017543859649122,0.46355685131195334,"FF","4-Seam Fastball",10.3,-11.9,1.5,"13",17.7,2,-7.6,-5.6,"-74",0.8,0.04358974358974359
"2025","Ross, Joe","605452","Phillies","PHI","R","93.8","158","425",7.456140350877193,0.37176470588235294,"FF","4-Seam Fastball",19.8,-14.8,-5.1,"-34",11.3,3.6,-7.1,-3.5,"-50",0.023076923076923078,0.11794871794871795
"2025","Henderson, Logan","701656","Brewers","MIL","R","93","158","334",5.758620689655173,0.47305389221556887,"FF","4-Seam Fastball",14.7,-17.1,2.4,"14",17.2,11,-9.6,1.4,"15",0.9230769230769231,0.6564102564102564
"2025","Hancock, Emerson","676106","Mariners","SEA","R","94.8","158","707",12.625,0.22347949080622348,"FF","4-Seam Fastball",17.9,-15.2,-2.7,"-17",12.8,13.7,-8.4,5.2,"62",0.12307692307692308,0.958974358974359
"2025","Webb, Jacob","657097","Rangers","TEX","R","93","158","379",6.5344827586206895,0.41688654353562005,"FF","4-Seam Fastball",15.1,-16,0.8,"5",16.9,9.2,-8.1,1.1,"13",0.6641025641025641,0.6102564102564103
"2025","Vásquez, Randy","681190","Padres","SD","R","92.9","156","896",16.29090909090909,0.17410714285714285,"FF","4-Seam Fastball",16,-15.2,-0.8,"-5",15.8,7.1,-7.1,0,"0",0.35128205128205126,0.4666666666666667
"2025","Poche, Colin","621363","Nationals","WSH","L","92","154","215",3.7719298245614037,0.7162790697674418,"FF","4-Seam Fastball",12.4,-14.7,2.3,"16",20,1.5,-6,-4.5,"-75",0.9102564102564102,0.07435897435897436
"2025","Sugano, Tomoyuki","608372","Orioles","BAL","R","92.4","153","965",17.232142857142858,0.15854922279792746,"FF","4-Seam Fastball",15.2,-15.6,0.4,"2",17,6.3,-7.2,-0.9,"-13",0.5769230769230769,0.38461538461538464
"2025","Bednar, David","670280","Pirates","PIT","R","97","151","305",5.258620689655173,0.49508196721311476,"FF","4-Seam Fastball",11,-13.1,2.1,"16",18.3,9,-7.6,1.4,"19",0.8923076923076924,0.6564102564102564
"2025","Cannon, Jonathan","686563","White Sox","CWS","R","93.5","151","1008",17.68421052631579,0.1498015873015873,"FF","4-Seam Fastball",16.1,-15.1,-1,"-6",15.4,8.6,-7.4,1.2,"16",0.3230769230769231,0.6230769230769231
"2025","Strider, Spencer","675911","Braves","ATL","R","95.2","148","262",4.678571428571429,0.5648854961832062,"FF","4-Seam Fastball",12.3,-14,1.7,"12",18,8.7,-7.3,1.4,"19",0.8358974358974359,0.6564102564102564
"2025","Weissert, Greg","669711","Red Sox","BOS","R","93.8","147","406",6.88135593220339,0.3620689655172414,"FF","4-Seam Fastball",18.5,-17.3,-1.2,"-7",12.6,8.8,-10.4,-1.7,"-16",0.29743589743589743,0.27692307692307694
"2025","García, Yimi","554340","Blue Jays","TOR","R","96","147","325",5.701754385964913,0.4523076923076923,"FF","4-Seam Fastball",14.2,-16,1.8,"11",15.7,9.8,-10.3,-0.5,"-5",0.8512820512820513,0.4076923076923077
"2025","Uceta, Edwin","670955","Rays","TB","R","93.7","146","379",6.649122807017544,0.38522427440633245,"FF","4-Seam Fastball",17.9,-19.4,1.5,"8",13.3,12.2,-12.6,-0.4,"-3",0.8,0.4230769230769231
"2025","Buttó, José","676130","Mets","NYM","R","94.7","145","496",8.701754385964913,0.2923387096774194,"FF","4-Seam Fastball",15.2,-15.1,-0.1,"-1",15.4,2.5,-8.3,-5.8,"-70",0.4897435897435897,0.038461538461538464
"2025","Wilson, Justin","458677","Red Sox","BOS","L","94.3","145","316",5.3559322033898304,0.4588607594936709,"FF","4-Seam Fastball",11.6,-14.3,2.7,"19",19.4,5.8,-6.9,-1.1,"-17",0.9512820512820512,0.358974358974359
"2025","Matsui, Yuki","673513","Padres","SD","L","91.9","145","382",6.945454545454545,0.3795811518324607,"FF","4-Seam Fastball",13,-15.7,2.7,"17",19.8,3.5,-7.3,-3.7,"-52",0.9512820512820512,0.1076923076923077
"2025","Rodriguez, Elvin","660730","Brewers","MIL","R","94.3","143","317",5.4655172413793105,0.45110410094637227,"FF","4-Seam Fastball",11.8,-14.3,2.5,"17",19.3,6.2,-7,-0.8,"-11",0.9333333333333333,0.3871794871794872
"2025","Lopez, Jacob","682052","Athletics","ATH","L","90.5","143","306",5.275862068965517,0.4673202614379085,"FF","4-Seam Fastball",22.8,-17.9,-4.9,"-27",11,14.6,-8.5,6.2,"73",0.028205128205128206,0.982051282051282
"2025","Glasnow, Tyler","607192","Dodgers","LAD","R","95.2","142","306",5.368421052631579,0.46405228758169936,"FF","4-Seam Fastball",13.2,-13.5,0.3,"2",17.1,1.9,-6.6,-4.7,"-72",0.5641025641025641,0.06666666666666667
"2025","Hoffman, Jeff","656546","Blue Jays","TOR","R","97","142","379",6.649122807017544,0.37467018469656993,"FF","4-Seam Fastball",11.5,-13.3,1.8,"13",18,11.6,-7.7,3.9,"51",0.8512820512820513,0.9205128205128205
"2025","Hendricks, Kyle","543294","Angels","LAA","R","86.5","142","875",15.625,0.16228571428571428,"FF","4-Seam Fastball",22.1,-20.3,-1.7,"-8",14.6,5.4,-5.7,-0.3,"-5",0.23333333333333334,0.43846153846153846
"2025","Harrison, Kyle","690986","Giants","SF","L","95.3","142","214",3.754385964912281,0.6635514018691588,"FF","4-Seam Fastball",17.8,-17.3,-0.6,"-3",12.6,14.4,-11.3,3.1,"27",0.3923076923076923,0.8461538461538461
"2025","Pomeranz, Drew","519141","Cubs","CHC","L","93","141","175",3.0701754385964914,0.8057142857142857,"FF","4-Seam Fastball",13.3,-15.1,1.8,"12",18.5,1.9,-7.4,-5.5,"-75",0.8512820512820513,0.046153846153846156
"2025","Bellozo, Valente","678368","Marlins","MIA","R","90.9","139","485",8.818181818181818,0.2865979381443299,"FF","4-Seam Fastball",15.2,-16,0.7,"5",18.1,3.2,-6.8,-3.6,"-53",0.6410256410256411,0.11282051282051282
"2025","Muñoz, Andrés","662253","Mariners","SEA","R","98.7","139","389",6.946428571428571,0.35732647814910024,"FF","4-Seam Fastball",15,-13.6,-1.4,"-10",13.3,10.9,-9.3,1.6,"17",0.2717948717948718,0.6794871794871795
"2025","Kinley, Tyler","641755","Rockies","COL","R","95","138","459",8.052631578947368,0.3006535947712418,"FF","4-Seam Fastball",15.7,-14.1,-1.7,"-12",14.4,2.2,-7.3,-5,"-69",0.23333333333333334,0.05384615384615385
"2025","Morillo, Juan","666661","D-backs","AZ","R","98.9","138","269",4.719298245614035,0.5130111524163569,"FF","4-Seam Fastball",11.6,-12.8,1.3,"10",16.5,4.8,-8.7,-3.9,"-45",0.764102564102564,0.1
"2025","Blewett, Scott","656240","Braves","ATL","R","93.4","138","364",6.5,0.3791208791208791,"FF","4-Seam Fastball",16.5,-14,-2.5,"-18",14.9,5.2,-6.3,-1.2,"-19",0.13076923076923078,0.3384615384615385
"2025","Gillispie, Connor","687362","Marlins","MIA","R","91.2","138","471",8.563636363636364,0.2929936305732484,"FF","4-Seam Fastball",13.4,-16.4,3,"19",19.7,7.5,-8,-0.4,"-5",0.9692307692307692,0.4230769230769231
"2025","Peralta, Luis","678821","Rockies","COL","L","94.3","137","192",3.3684210526315788,0.7135416666666666,"FF","4-Seam Fastball",16.1,-16.4,0.3,"2",14.7,13,-9.5,3.5,"37",0.5641025641025641,0.8794871794871795
"2025","Gómez, Yoendrys","672782","White Sox","CWS","R","93.4","136","330",5.7894736842105265,0.4121212121212121,"FF","4-Seam Fastball",15.4,-15.5,0.1,"0",16.1,5.1,-7.8,-2.7,"-35",0.5333333333333333,0.17692307692307693
"2025","Lauer, Eric","641778","Blue Jays","TOR","L","91.5","135","307",5.385964912280702,0.43973941368078173,"FF","4-Seam Fastball",16.6,-15.8,-0.8,"-5",16.1,9.4,-7,2.3,"34",0.35128205128205126,0.7743589743589744
"2025","Kolek, Stephen","663568","Padres","SD","R","94.3","133","456",8.290909090909091,0.2916666666666667,"FF","4-Seam Fastball",18,-15.6,-2.3,"-15",12.8,7.4,-8.8,-1.4,"-16",0.16153846153846155,0.32051282051282054
"2025","Brebbia, John","605154","Tigers","DET","R","92.5","132","277",4.775862068965517,0.47653429602888087,"FF","4-Seam Fastball",15.4,-15.8,0.4,"3",16.7,11.2,-7.6,3.6,"48",0.5769230769230769,0.8923076923076924
"2025","Leahy, Kyle","681517","Cardinals","STL","R","95","132","435",7.631578947368421,0.30344827586206896,"FF","4-Seam Fastball",13.4,-13.7,0.3,"2",17.1,3.1,-7,-3.9,"-56",0.5641025641025641,0.1
"2025","May, Dustin","669160","Dodgers","LAD","R","95.1","132","879",15.421052631578947,0.15017064846416384,"FF","4-Seam Fastball",18.1,-15.8,-2.3,"-15",12.1,10.7,-9.3,1.4,"15",0.16153846153846155,0.6564102564102564
"2025","Stratton, Chris","608717","Royals","KC","R","91.1","131","331",5.706896551724138,0.3957703927492447,"FF","4-Seam Fastball",16.7,-16.2,-0.4,"-3",16.3,5.6,-7.1,-1.6,"-22",0.441025641025641,0.2948717948717949
"2025","Ort, Kaleb","672391","Astros","HOU","R","96.1","131","227",3.982456140350877,0.5770925110132159,"FF","4-Seam Fastball",11.9,-14,2.2,"15",18.2,8.5,-7.9,0.6,"7",0.9025641025641026,0.541025641025641
"2025","Ferguson, Caleb","657571","Pirates","PIT","L","93.8","130","376",6.482758620689655,0.34574468085106386,"FF","4-Seam Fastball",15.1,-14.8,-0.3,"-2",16,5.8,-7.3,-1.4,"-20",0.4564102564102564,0.32051282051282054
"2025","Henry, Cole","669371","Nationals","WSH","R","94.2","130","291",5.105263157894737,0.44673539518900346,"FF","4-Seam Fastball",15.2,-15.2,0,"0",15.7,14.2,-8.1,6.1,"76",0.5076923076923077,0.9794871794871794
"2025","Snider, Collin","676092","Mariners","SEA","R","92.4","129","424",7.571428571428571,0.30424528301886794,"FF","4-Seam Fastball",23.5,-17.8,-5.7,"-32",8.4,1.7,-10.1,-8.4,"-83",0.01282051282051282,0.005128205128205128
"2025","Romano, Jordan","605447","Phillies","PHI","R","95.3","128","334",5.859649122807017,0.38323353293413176,"FF","4-Seam Fastball",12.1,-13.2,1.1,"8",18.2,7,-6.7,0.3,"5",0.7282051282051282,0.5076923076923077
"2025","Sousa, Bennett","656986","Astros","HOU","L","95","128","269",4.719298245614035,0.4758364312267658,"FF","4-Seam Fastball",13.5,-13.7,0.2,"2",17,3.2,-6.6,-3.5,"-53",0.5461538461538461,0.11794871794871795
"2025","Gibaut, Ian","664139","Reds","CIN","R","94","128","225",3.8793103448275863,0.5688888888888889,"FF","4-Seam Fastball",13.8,-14.2,0.5,"3",17.3,5.8,-6.9,-1.1,"-16",0.6,0.358974358974359
"2025","Hendriks, Liam","521230","Red Sox","BOS","R","94.9","128","232",3.9322033898305087,0.5517241379310345,"FF","4-Seam Fastball",12,-13.9,1.9,"14",18.5,7.6,-7,0.5,"8",0.8666666666666667,0.5282051282051282
"2025","Garcia, Robert","676395","Rangers","TEX","L","93.9","127","350",6.0344827586206895,0.3628571428571429,"FF","4-Seam Fastball",17.7,-15.2,-2.5,"-17",13.6,9.7,-7.7,2,"25",0.13076923076923078,0.7435897435897436
"2025","Graceffo, Gordon","700669","Cardinals","STL","R","95","127","273",4.7894736842105265,0.4652014652014652,"FF","4-Seam Fastball",14.3,-13.9,-0.4,"-3",16,4.5,-7.1,-2.6,"-36",0.441025641025641,0.1794871794871795
"2025","Thielbar, Caleb","573204","Cubs","CHC","L","92.4","127","314",5.508771929824562,0.40445859872611467,"FF","4-Seam Fastball",12.7,-15.2,2.5,"16",19.4,3.6,-6.9,-3.3,"-47",0.9333333333333333,0.13333333333333333
"2025","Stewart, Brock","592779","Twins","MIN","R","95.7","127","221",3.9464285714285716,0.5746606334841629,"FF","4-Seam Fastball",14.2,-14.8,0.6,"4",15.7,6.2,-8.7,-2.5,"-29",0.617948717948718,0.18461538461538463
"2025","Banda, Anthony","607455","Dodgers","LAD","L","95.5","127","391",6.859649122807017,0.3248081841432225,"FF","4-Seam Fastball",15,-14.7,-0.2,"-1",15.1,10.3,-8.4,1.8,"21",0.4666666666666667,0.7025641025641025
"2025","Latz, Jacob","656641","Rangers","TEX","L","94.6","126","267",4.603448275862069,0.47191011235955055,"FF","4-Seam Fastball",11.9,-14.2,2.3,"16",18.9,8.2,-7.1,1.1,"15",0.9102564102564102,0.6102564102564103
"2025","Pressly, Ryan","519151","Cubs","CHC","R","93","125","343",6.017543859649122,0.36443148688046645,"FF","4-Seam Fastball",15.1,-15.3,0.2,"1",16.5,0.5,-7.2,-7.7,"-107",0.5461538461538461,0.007692307692307693
"2025","Henriquez, Ronny","678692","Marlins","MIA","R","96","125","453",8.236363636363636,0.27593818984547464,"FF","4-Seam Fastball",11.3,-14.8,3.5,"24",18.7,7.2,-8.9,-1.7,"-19",0.9923076923076923,0.27692307692307694
"2025","Holman, Grant","680880","Athletics","ATH","R","94.8","125","280",4.827586206896552,0.44642857142857145,"FF","4-Seam Fastball",15.5,-13.5,-2,"-15",15.2,8.7,-6.7,2,"30",0.19743589743589743,0.7435897435897436
"2025","Lee, Dylan","669276","Braves","ATL","L","93.6","124","382",6.821428571428571,0.32460732984293195,"FF","4-Seam Fastball",11.9,-14.2,2.3,"17",19.5,8.3,-6.5,1.8,"28",0.9102564102564102,0.7025641025641025
"2025","Sims, Lucas","608371","Nationals","WSH","R","94.9","123","279",4.894736842105263,0.44086021505376344,"FF","4-Seam Fastball",12.2,-15,2.8,"19",18.2,6.2,-8.3,-2.1,"-26",0.9615384615384616,0.22564102564102564
"2025","Weathers, Ryan","677960","Marlins","MIA","L","97.5","122","250",4.545454545454546,0.488,"FF","4-Seam Fastball",12.3,-13.7,1.5,"11",16.8,9.2,-8.5,0.7,"9",0.8,0.558974358974359
"2025","Speier, Gabe","642100","Mariners","SEA","L","94.9","121","277",4.946428571428571,0.4368231046931408,"FF","4-Seam Fastball",14.5,-15.7,1.2,"8",16.1,9.6,-9.4,0.2,"2",0.7487179487179487,0.4948717948717949
"2025","Cruz, Steven","674444","Royals","KC","R","98.1","120","254",4.379310344827586,0.47244094488188976,"FF","4-Seam Fastball",13.7,-13,-0.7,"-6",14.9,9.8,-8.3,1.5,"19",0.37435897435897436,0.6717948717948717
"2025","Matthews, Zebby","805673","Twins","MIN","R","96.6","120","246",4.392857142857143,0.4878048780487805,"FF","4-Seam Fastball",12.4,-13.5,1.1,"8",17.1,9.9,-7.7,2.2,"29",0.7282051282051282,0.7666666666666667
"2025","Anderson, Grant","681982","Brewers","MIL","R","92.6","119","468",8.068965517241379,0.25427350427350426,"FF","4-Seam Fastball",20.6,-19.6,-1,"-5",11.4,14,-12.8,1.2,"10",0.3230769230769231,0.6230769230769231
"2025","Bazardo, Eduard","660825","Mariners","SEA","R","94.5","118","443",7.910714285714286,0.26636568848758463,"FF","4-Seam Fastball",14.5,-15.1,0.6,"4",16.4,7.6,-8.4,-0.8,"-9",0.617948717948718,0.3871794871794872
"2025","Slaten, Justin","686580","Red Sox","BOS","R","97","118","333",5.6440677966101696,0.35435435435435436,"FF","4-Seam Fastball",10.5,-12.9,2.4,"19",18.7,2.9,-7.4,-4.6,"-61",0.9230769230769231,0.06923076923076923
"2025","Gordon, Tanner","685299","Rockies","COL","R","91.7","116","243",4.2631578947368425,0.4773662551440329,"FF","4-Seam Fastball",18.8,-15.6,-3.1,"-20",13.8,10.3,-6.9,3.5,"51",0.08717948717948718,0.8794871794871795
"2025","Veneziano, Anthony","685107","Marlins","MIA","L","94.2","116","310",5.636363636363637,0.3741935483870968,"FF","4-Seam Fastball",16.3,-14.5,-1.7,"-12",14.7,8.4,-7.2,1.1,"16",0.23333333333333334,0.6102564102564103
"2025","Olson, Reese","681857","Tigers","DET","R","94.8","115","801",13.810344827586206,0.14357053682896379,"FF","4-Seam Fastball",15.1,-14.5,-0.5,"-4",15.6,9.7,-7.8,1.9,"24",0.41025641025641024,0.7307692307692307
"2025","Payamps, Joel","606303","Brewers","MIL","R","94.7","114","306",5.275862068965517,0.37254901960784315,"FF","4-Seam Fastball",14.8,-15,0.2,"1",15.7,7,-8.1,-1.1,"-13",0.5461538461538461,0.358974358974359
"2025","Carrasco, Carlos","471911","Yankees","NYY","R","91.5","114","514",9.178571428571429,0.22178988326848248,"FF","4-Seam Fastball",21,-15.8,-5.2,"-33",11.6,5.2,-6.9,-1.7,"-25",0.017948717948717947,0.27692307692307694
"2025","Blalock, Bradley","687134","Rockies","COL","R","94.5","113","299",5.245614035087719,0.3779264214046823,"FF","4-Seam Fastball",14.2,-13.7,-0.5,"-4",16.2,3.3,-6.4,-3.2,"-49",0.41025641025641024,0.14102564102564102
"2025","Miller, Erik","669062","Giants","SF","L","97.4","110","291",5.105263157894737,0.37800687285223367,"FF","4-Seam Fastball",14.1,-12.1,-2,"-17",15,10.2,-6.4,3.9,"61",0.19743589743589743,0.9205128205128205
"2025","Mejia, Juan","675848","Rockies","COL","R","95.7","110","201",3.526315789473684,0.5472636815920398,"FF","4-Seam Fastball",17.5,-14.2,-3.3,"-23",12.1,1.6,-7.8,-6.2,"-80",0.07948717948717948,0.028205128205128206
"2025","Lynch IV, Daniel","663738","Royals","KC","L","94","110","425",7.327586206896552,0.25882352941176473,"FF","4-Seam Fastball",16,-14.7,-1.4,"-9",15,10,-7.1,2.9,"41",0.2717948717948718,0.8282051282051283
"2025","Sewald, Paul","623149","Guardians","CLE","R","90.2","108","189",3.375,0.5714285714285714,"FF","4-Seam Fastball",20,-21.7,1.7,"8",13.8,11.5,-11.9,-0.4,"-4",0.8358974358974359,0.4230769230769231
"2025","Bello, Brayan","678394","Red Sox","BOS","R","94.8","107","729",12.35593220338983,0.1467764060356653,"FF","4-Seam Fastball",17.4,-15.7,-1.7,"-11",12.8,7.4,-9.1,-1.7,"-18",0.23333333333333334,0.27692307692307694
"2025","Fitts, Richard","690916","Red Sox","BOS","R","94.9","107","293",4.966101694915254,0.3651877133105802,"FF","4-Seam Fastball",14,-13.9,-0.1,"-1",16.6,1.9,-7,-5.1,"-72",0.4897435897435897,0.05128205128205128
"2025","Gaddis, Hunter","683769","Guardians","CLE","R","94.6","106","377",6.732142857142857,0.28116710875331563,"FF","4-Seam Fastball",12.6,-13.5,1,"7",18.2,7.1,-6.4,0.8,"12",0.7128205128205128,0.5794871794871795
"2025","Barlow, Scott","605130","Reds","CIN","R","92.8","106","440",7.586206896551724,0.2409090909090909,"FF","4-Seam Fastball",19.8,-16.7,-3.2,"-19",11.9,2.7,-8.8,-6.1,"-69",0.08461538461538462,0.03333333333333333
"2025","Anderson, Ian","666120","Angels","LAA","R","93.7","105","203",3.625,0.5172413793103449,"FF","4-Seam Fastball",16.3,-14.1,-2.2,"-16",15,7.9,-6.5,1.4,"22",0.1794871794871795,0.6564102564102564
"2025","Bigge, Hunter","685801","Rays","TB","R","97.5","103","227",3.982456140350877,0.45374449339207046,"FF","4-Seam Fastball",10.8,-12.9,2.1,"16",17.9,4.3,-7.8,-3.5,"-45",0.8923076923076924,0.11794871794871795
"2025","Eisert, Brandon","685126","White Sox","CWS","L","89.8","103","416",7.298245614035087,0.24759615384615385,"FF","4-Seam Fastball",18.5,-19.3,0.8,"4",15.7,9.9,-8.6,1.3,"15",0.6641025641025641,0.6461538461538462
"2025","Kerkering, Orion","689147","Phillies","PHI","R","97.4","103","363",6.368421052631579,0.2837465564738292,"FF","4-Seam Fastball",12.3,-13.1,0.8,"6",16.7,11.4,-7.9,3.5,"45",0.6641025641025641,0.8794871794871795
"2025","Erceg, Lucas","668674","Royals","KC","R","97.9","103","336",5.793103448275862,0.30654761904761907,"FF","4-Seam Fastball",13.6,-12.6,-1,"-8",15,10.3,-7.7,2.6,"33",0.3230769230769231,0.8076923076923077
"2025","Singer, Brady","663903","Reds","CIN","R","91.6","103","990",17.06896551724138,0.10404040404040404,"FF","4-Seam Fastball",16.9,-17,0,"0",15.7,6.5,-8.2,-1.7,"-21",0.5076923076923077,0.27692307692307694
"2025","Armstrong, Shawn","542888","Rangers","TEX","R","93.2","101","386",6.655172413793103,0.2616580310880829,"FF","4-Seam Fastball",15.3,-15.1,-0.2,"-1",16.3,5.4,-7.1,-1.8,"-25",0.4666666666666667,0.2641025641025641
"2025","Wilson, Bryse","669060","White Sox","CWS","R","92.5","101","699",12.263157894736842,0.14449213161659513,"FF","4-Seam Fastball",16.1,-15.3,-0.8,"-5",16.1,8.9,-7,1.8,"26",0.35128205128205126,0.7025641025641025
"2025","Gordon, Colton","676467","Astros","HOU","L","91","101","252",4.421052631578948,0.4007936507936508,"FF","4-Seam Fastball",17.4,-16.6,-0.8,"-5",15.9,10.7,-7.5,3.3,"44",0.35128205128205126,0.8615384615384616
"2025","Sands, Cole","663485","Twins","MIN","R","94.7","99","359",6.410714285714286,0.2757660167130919,"FF","4-Seam Fastball",16.5,-15.4,-1.1,"-7",14.2,11.2,-8.9,2.4,"27",0.3076923076923077,0.7871794871794872
"2025","López, Jorge","605347","Nationals","WSH","R","94.7","99","387",6.7894736842105265,0.2558139534883721,"FF","4-Seam Fastball",16.1,-14.4,-1.8,"-12",14.4,10,-7.3,2.7,"37",0.2230769230769231,0.8128205128205128
"2025","Zeferjahn, Ryan","666171","Angels","LAA","R","97.5","97","370",6.607142857142857,0.26216216216216215,"FF","4-Seam Fastball",13,-13,0,"0",15.9,5.2,-7.8,-2.6,"-33",0.5076923076923077,0.1794871794871795
"2025","Ginkel, Kevin","656464","D-backs","AZ","R","94.8","97","227",3.982456140350877,0.42731277533039647,"FF","4-Seam Fastball",14.4,-13.3,-1.1,"-8",16.1,9.3,-6,3.3,"55",0.3076923076923077,0.8615384615384616
"2025","Suárez, Ranger","624133","Phillies","PHI","L","92.3","97","464",8.140350877192983,0.20905172413793102,"FF","4-Seam Fastball",20.7,-15.8,-4.9,"-31",11.3,5.8,-7.4,-1.7,"-22",0.028205128205128206,0.27692307692307694
"2025","Adam, Jason","592094","Padres","SD","R","94.5","96","451",8.2,0.21286031042128603,"FF","4-Seam Fastball",11.7,-13.7,2.1,"15",19.2,8.1,-6.4,1.7,"27",0.8923076923076924,0.6923076923076923
"2025","Santana, Dennis","642701","Pirates","PIT","R","94.4","96","324",5.586206896551724,0.2962962962962963,"FF","4-Seam Fastball",16,-15.1,-0.9,"-6",14.9,11.7,-8.1,3.6,"45",0.34102564102564104,0.8923076923076924
"2025","Cameron, Noah","702070","Royals","KC","L","91.6","93","334",5.758620689655173,0.27844311377245506,"FF","4-Seam Fastball",17.3,-15.4,-1.9,"-12",15.3,5.7,-6.4,-0.7,"-11",0.21025641025641026,0.4
"2025","Vodnik, Victor","680767","Rockies","COL","R","98.2","93","176",3.087719298245614,0.5284090909090909,"FF","4-Seam Fastball",13.9,-13.5,-0.4,"-3",14.4,5,-8.9,-3.9,"-44",0.441025641025641,0.1
"2025","Wilson, Steven","621051","White Sox","CWS","R","93.5","93","276",4.842105263157895,0.33695652173913043,"FF","4-Seam Fastball",12.1,-14.6,2.5,"17",19.4,7.2,-6.8,0.4,"5",0.9333333333333333,0.5153846153846153
"2025","Banks, Tanner","621383","Phillies","PHI","L","92.2","91","408",7.157894736842105,0.22303921568627452,"FF","4-Seam Fastball",17.7,-15.1,-2.5,"-17",14.5,2.5,-6.9,-4.4,"-64",0.13076923076923078,0.08461538461538462
"2025","Allard, Kolby","663465","Guardians","CLE","L","90.4","90","294",5.25,0.30612244897959184,"FF","4-Seam Fastball",17.2,-18,0.9,"5",16.5,5.8,-9,-3.2,"-35",0.6923076923076923,0.14102564102564102
"2025","Herrin, Tim","682120","Guardians","CLE","L","94.5","90","366",6.535714285714286,0.2459016393442623,"FF","4-Seam Fastball",17.7,-14.9,-2.8,"-19",12.9,8.9,-7.8,1.2,"15",0.11282051282051282,0.6230769230769231
"2025","Ruiz, José","614179","Phillies","PHI","R","95.7","88","227",3.982456140350877,0.3876651982378855,"FF","4-Seam Fastball",12.4,-13.5,1.1,"8",17.6,6.2,-6.8,-0.6,"-9",0.7282051282051282,0.40512820512820513
"2025","Elder, Bryce","693821","Braves","ATL","R","92","88","709",12.660714285714286,0.12411847672778561,"FF","4-Seam Fastball",17.5,-15.3,-2.2,"-14",14.7,3.6,-6.6,-3,"-46",0.1794871794871795,0.16666666666666666
"2025","Iglesias, Raisel","628452","Braves","ATL","R","94.5","88","326",5.821428571428571,0.26993865030674846,"FF","4-Seam Fastball",15.2,-15.4,0.2,"1",15.5,8,-8.5,-0.5,"-6",0.5461538461538461,0.4076923076923077
"2025","Johnson, Pierce","572955","Braves","ATL","R","95","87","359",6.410714285714286,0.24233983286908078,"FF","4-Seam Fastball",15.1,-14.4,-0.7,"-5",15.3,11.5,-7.9,3.6,"46",0.37435897435897436,0.8923076923076924
"2025","Schultz, Paxton","687606","Blue Jays","TOR","R","93.6","87","224",3.9298245614035086,0.38839285714285715,"FF","4-Seam Fastball",14.2,-15.2,1,"6",17.1,7.5,-7.7,-0.2,"-3",0.7128205128205128,0.44871794871794873
"2025","Festa, David","701581","Twins","MIN","R","94.8","87","224",4,0.38839285714285715,"FF","4-Seam Fastball",11.7,-13.6,1.9,"14",19.1,4.2,-6.7,-2.5,"-38",0.8666666666666667,0.18461538461538463
"2025","Murfee, Penn","682171","White Sox","CWS","R","88.1","86","232",4.0701754385964914,0.3706896551724138,"FF","4-Seam Fastball",29.4,-26.6,-2.8,"-10",5.9,3,-8.5,-5.5,"-65",0.11282051282051282,0.046153846153846156
"2025","Martin, Chris","455119","Rangers","TEX","R","94.8","86","277",4.775862068965517,0.3104693140794224,"FF","4-Seam Fastball",15.6,-13.9,-1.7,"-12",15.1,7.4,-6.8,0.6,"9",0.23333333333333334,0.541025641025641
"2025","Orze, Eric","679358","Rays","TB","R","93.9","85","341",5.982456140350878,0.24926686217008798,"FF","4-Seam Fastball",14.1,-14.5,0.4,"2",16.9,10,-6.8,3.2,"47",0.5769230769230769,0.8538461538461538
"2025","Nicolas, Kyle","693312","Pirates","PIT","R","96.7","85","187",3.2241379310344827,0.45454545454545453,"FF","4-Seam Fastball",11.6,-12.7,1.1,"9",17.7,6,-6.9,-1,"-14",0.7282051282051282,0.37435897435897436
"2025","Reynolds, Sean","669308","Padres","SD","R","95.8","85","187",3.4,0.45454545454545453,"FF","4-Seam Fastball",13.8,-12.6,-1.2,"-9",16.1,9.8,-5.9,4,"68",0.29743589743589743,0.9256410256410257
"2025","Contreras, Luis","664351","Astros","HOU","R","91.5","84","172",3.017543859649123,0.4883720930232558,"FF","4-Seam Fastball",13.7,-16.7,3,"18",19.1,0.5,-7.9,-7.3,"-93",0.9692307692307692,0.01282051282051282
"2025","Jackson, Luke","592426","Rangers","TEX","R","94.2","84","264",4.551724137931035,0.3181818181818182,"FF","4-Seam Fastball",12.7,-13.6,0.9,"7",18.4,5.6,-6.1,-0.5,"-8",0.6923076923076923,0.4076923076923077
"2025","Jax, Griffin","643377","Twins","MIN","R","97.1","84","421",7.517857142857143,0.1995249406175772,"FF","4-Seam Fastball",12.4,-13.8,1.4,"10",16.7,6,-8.5,-2.5,"-29",0.7871794871794872,0.18461538461538463
"2025","Flexen, Chris","623167","Cubs","CHC","R","91.9","83","190",3.3333333333333335,0.4368421052631579,"FF","4-Seam Fastball",14.3,-14.8,0.5,"3",18.3,1.7,-6.6,-5,"-75",0.6,0.05384615384615385
"2025","Salazar, Eduardo","674285","Nationals","WSH","R","95","82","299",5.245614035087719,0.27424749163879597,"FF","4-Seam Fastball",18,-14.5,-3.5,"-24",12.4,11.5,-7.7,3.8,"50",0.06923076923076923,0.9076923076923077
"2025","Palmquist, Carson","687223","Rockies","COL","L","90.4","81","254",4.456140350877193,0.3188976377952756,"FF","4-Seam Fastball",20.6,-19.3,-1.3,"-7",12.8,10.8,-9.8,1,"10",0.28205128205128205,0.5974358974358974
"2025","Soriano, José","667755","Angels","LAA","R","97.7","80","1103",19.696428571428573,0.07252946509519492,"FF","4-Seam Fastball",15.1,-12.7,-2.4,"-19",13.7,8.1,-7.7,0.4,"5",0.14871794871794872,0.5153846153846153
"2025","Thornton, Trent","663423","Mariners","SEA","R","94.4","80","233",4.160714285714286,0.34334763948497854,"FF","4-Seam Fastball",14.8,-15.5,0.8,"5",15.9,3.8,-8.7,-4.9,"-56",0.6641025641025641,0.05897435897435897
"2025","Shuster, Jared","694363","White Sox","CWS","L","92.5","79","248",4.350877192982456,0.3185483870967742,"FF","4-Seam Fastball",18.8,-16.8,-2,"-12",13.3,11.3,-8.8,2.5,"28",0.19743589743589743,0.8025641025641026
"2025","Webb, Logan","657277","Giants","SF","R","93","79","1149",20.157894736842106,0.06875543951261967,"FF","4-Seam Fastball",20.3,-17.1,-3.1,"-18",11.3,9.8,-9.6,0.3,"3",0.08717948717948718,0.5076923076923077
"2025","Eflin, Zach","621107","Orioles","BAL","R","91.6","79","596",10.642857142857142,0.1325503355704698,"FF","4-Seam Fastball",20.6,-16.5,-4.2,"-25",12,8.7,-7.9,0.8,"10",0.05128205128205128,0.5794871794871795
"2025","Minter, A.J.","621345","Mets","NYM","L","94.5","79","185",3.245614035087719,0.42702702702702705,"FF","4-Seam Fastball",12.6,-15,2.4,"16",18.3,5.9,-7.9,-1.9,"-25",0.9230769230769231,0.2512820512820513
"2025","Cabrera, Edward","665795","Marlins","MIA","R","96.4","78","699",12.709090909090909,0.11158798283261803,"FF","4-Seam Fastball",15.3,-13.4,-1.9,"-15",14.3,11.2,-7.4,3.8,"51",0.21025641025641026,0.9076923076923077
"2025","Snell, Blake","605483","Dodgers","LAD","L","94.8","78","172",3.017543859649123,0.45348837209302323,"FF","4-Seam Fastball",12.2,-13.3,1,"8",18.1,4.7,-5.9,-1.2,"-20",0.7128205128205128,0.3384615384615385
"2025","Schreiber, John","670167","Royals","KC","R","93.6","78","361",6.224137931034483,0.21606648199445982,"FF","4-Seam Fastball",20.2,-18.7,-1.5,"-8",11,10,-12.1,-2.1,"-18",0.26153846153846155,0.22564102564102564
"2025","Zerpa, Angel","672582","Royals","KC","L","95.6","78","397",6.844827586206897,0.1964735516372796,"FF","4-Seam Fastball",17.9,-16.1,-1.8,"-11",12.1,9,-10.6,-1.6,"-15",0.2230769230769231,0.2948717948717949
"2025","Leclerc, José","600917","Athletics","ATH","R","94.2","78","229",3.9482758620689653,0.3406113537117904,"FF","4-Seam Fastball",13.3,-15.1,1.8,"12",17.7,1.6,-8.5,-6.9,"-81",0.8512820512820513,0.020512820512820513
"2025","Walker, Taijuan","592836","Phillies","PHI","R","92.3","77","755",13.24561403508772,0.10198675496688742,"FF","4-Seam Fastball",14.7,-15,0.2,"1",17.5,9.1,-6.7,2.4,"35",0.5461538461538461,0.7871794871794872
"2025","Sulser, Cole","642121","Rays","TB","R","92.6","74","182",3.192982456140351,0.4065934065934066,"FF","4-Seam Fastball",13.8,-15.5,1.7,"11",18.1,10.1,-7.3,2.8,"39",0.8358974358974359,0.823076923076923
"2025","Kershaw, Clayton","477132","Dodgers","LAD","L","89.1","73","183",3.210526315789474,0.3989071038251366,"FF","4-Seam Fastball",16.1,-17.3,1.2,"7",18.5,0.1,-6.9,-7,"-102",0.7487179487179487,0.017948717948717947
"2025","Lee, Chase","695445","Tigers","DET","R","89.3","72","231",3.9827586206896552,0.3116883116883117,"FF","4-Seam Fastball",28.4,-27.7,-0.7,"-3",5.8,5.1,-7.2,-2.1,"-29",0.37435897435897436,0.22564102564102564
"2025","Holmes, Clay","605280","Mets","NYM","R","92.8","72","979",17.17543859649123,0.0735444330949949,"FF","4-Seam Fastball",17.3,-14.9,-2.3,"-16",14.7,7,-6.9,0.1,"2",0.16153846153846155,0.4794871794871795
"2025","Hicks, Jordan","663855","Giants","SF","R","97.2","71","805",14.12280701754386,0.08819875776397515,"FF","4-Seam Fastball",15.7,-13.4,-2.3,"-17",13.3,9.8,-8.1,1.8,"22",0.16153846153846155,0.7025641025641025
"2025","Castillo, Luis F.","622379","Mariners","SEA","R","92.3","70","168",3,0.4166666666666667,"FF","4-Seam Fastball",21.9,-18.3,-3.6,"-20",10.2,12.6,-10.4,2.1,"21",0.0641025641025641,0.7615384615384615
"2025","Evans, Logan","688138","Mariners","SEA","R","92.8","70","523",9.339285714285714,0.1338432122370937,"FF","4-Seam Fastball",19.9,-15.5,-4.5,"-29",12,13,-7.8,5.2,"67",0.041025641025641026,0.958974358974359
"2025","Arias, Luarbert","678215","Marlins","MIA","R","93.6","69","192",3.4909090909090907,0.359375,"FF","4-Seam Fastball",15.2,-14.9,-0.3,"-2",16.1,11.1,-7.4,3.6,"49",0.4564102564102564,0.8923076923076924
"2025","Rodríguez, Manuel","655889","Rays","TB","R","96.9","69","375",6.578947368421052,0.184,"FF","4-Seam Fastball",13.1,-13.7,0.5,"4",15.9,3.8,-8.2,-4.4,"-53",0.6,0.08461538461538462
"2025","Rocker, Kumar","677958","Rangers","TEX","R","95.4","68","360",6.206896551724138,0.18888888888888888,"FF","4-Seam Fastball",18.2,-14,-4.2,"-30",11.9,10.9,-7.6,3.3,"44",0.05128205128205128,0.8615384615384616
"2025","Bassitt, Chris","605135","Blue Jays","TOR","R","91.3","68","1121",19.666666666666668,0.060660124888492414,"FF","4-Seam Fastball",20.4,-17,-3.4,"-20",12.5,6.4,-8.3,-1.9,"-22",0.07692307692307693,0.2512820512820513
"2025","Cruz, Fernando","518585","Yankees","NYY","R","93.8","67","374",6.678571428571429,0.17914438502673796,"FF","4-Seam Fastball",13.8,-14.4,0.6,"4",17.5,6.6,-6.8,-0.1,"-2",0.617948717948718,0.4512820512820513
"2025","Faucher, Calvin","676534","Marlins","MIA","R","95.1","66","350",6.363636363636363,0.18857142857142858,"FF","4-Seam Fastball",15,-15.4,0.4,"2",15.4,9.3,-9.1,0.2,"2",0.5769230769230769,0.4948717948717949
"2025","Brazobán, Huascar","623211","Mets","NYM","R","96.3","64","476",8.350877192982455,0.13445378151260504,"FF","4-Seam Fastball",15,-14.5,-0.5,"-3",14.9,11.4,-8.7,2.7,"31",0.41025641025641024,0.8128205128205128
"2025","Vasil, Mike","678024","White Sox","CWS","R","94","63","547",9.596491228070175,0.11517367458866545,"FF","4-Seam Fastball",17.8,-14.9,-2.9,"-19",13.3,7,-7.4,-0.4,"-5",0.10256410256410256,0.4230769230769231
"2025","Young, Brandon","687064","Orioles","BAL","R","93.5","63","176",3.142857142857143,0.35795454545454547,"FF","4-Seam Fastball",13.3,-14.8,1.5,"10",18.1,2.9,-7,-4.1,"-59",0.8,0.09487179487179487
"2025","Hart, Kyle","606996","Padres","SD","L","90.9","63","399",7.254545454545455,0.15789473684210525,"FF","4-Seam Fastball",18.3,-16.9,-1.4,"-8",15.1,8.3,-7.8,0.4,"6",0.2717948717948718,0.5153846153846153
"2025","Boushley, Caleb","676961","Rangers","TEX","R","91.9","62","334",5.758620689655173,0.18562874251497005,"FF","4-Seam Fastball",15.7,-16,0.3,"2",16.9,6.1,-7.6,-1.6,"-21",0.5641025641025641,0.2948717948717949
"2025","Winckowski, Josh","670174","Red Sox","BOS","R","94.7","61","207",3.5084745762711864,0.2946859903381642,"FF","4-Seam Fastball",14.7,-14,-0.7,"-5",15.9,4.6,-7,-2.4,"-34",0.37435897435897436,0.20256410256410257
"2025","Rutledge, Jackson","671131","Nationals","WSH","R","95.7","60","432",7.578947368421052,0.1388888888888889,"FF","4-Seam Fastball",14.3,-13.8,-0.5,"-3",15.7,11,-7.3,3.7,"50",0.41025641025641024,0.9025641025641026
"2025","Sauer, Matt","669422","Dodgers","LAD","R","93.9","59","303",5.315789473684211,0.19471947194719472,"FF","4-Seam Fastball",14.2,-14.6,0.4,"3",16.9,4.6,-7,-2.4,"-34",0.5769230769230769,0.20256410256410257
"2025","Houser, Adrian","605288","White Sox","CWS","R","95.1","58","189",3.3157894736842106,0.30687830687830686,"FF","4-Seam Fastball",15.3,-13.9,-1.3,"-10",15.3,12.2,-7.1,5.2,"73",0.28205128205128205,0.958974358974359
"2025","Kelly, Zack","677161","Red Sox","BOS","R","96","56","189",3.2033898305084745,0.2962962962962963,"FF","4-Seam Fastball",14.7,-13.8,-0.9,"-7",15.2,10.6,-7.7,2.9,"38",0.34102564102564104,0.8282051282051283
"2025","Shugart, Chase","663767","Pirates","PIT","R","95.4","55","366",6.310344827586207,0.15027322404371585,"FF","4-Seam Fastball",15.3,-14.8,-0.5,"-4",14.9,7.1,-8.3,-1.2,"-15",0.41025641025641024,0.3384615384615385
"2025","Trivino, Lou","642152","Dodgers","LAD","R","94.5","55","338",5.9298245614035086,0.16272189349112426,"FF","4-Seam Fastball",16,-14.3,-1.8,"-12",14.7,8.6,-7,1.6,"23",0.2230769230769231,0.6794871794871795
"2025","Kahnle, Tommy","592454","Tigers","DET","R","93.5","54","357",6.155172413793103,0.15126050420168066,"FF","4-Seam Fastball",14.3,-14.9,0.6,"4",17.1,7.3,-7.1,0.2,"3",0.617948717948718,0.4948717948717949
"2025","Quintana, Jose","500779","Brewers","MIL","L","90","53","538",9.275862068965518,0.09851301115241635,"FF","4-Seam Fastball",17.7,-16.9,-0.8,"-5",16.3,4.8,-7.2,-2.4,"-34",0.35128205128205126,0.20256410256410257
"2025","Milner, Hoby","571948","Rangers","TEX","L","87.4","52","397",6.844827586206897,0.1309823677581864,"FF","4-Seam Fastball",29.7,-26.9,-2.8,"-10",6.7,14.8,-8.5,6.4,"75",0.11282051282051282,0.9846153846153847
"2025","Soriano, George","666277","Marlins","MIA","R","95.5","52","350",6.363636363636363,0.14857142857142858,"FF","4-Seam Fastball",17.2,-15.3,-1.9,"-13",12.9,9.2,-9.1,0.1,"1",0.21025641025641026,0.4794871794871795
"2025","Yarbrough, Ryan","642232","Yankees","NYY","L","88.3","51","571",10.196428571428571,0.0893169877408056,"FF","4-Seam Fastball",24,-19.2,-4.8,"-25",11.4,15,-8.3,6.7,"80",0.03333333333333333,0.9948717948717949
"2025","Hamilton, Ian","641656","Yankees","NYY","R","94.9","51","307",5.482142857142857,0.16612377850162866,"FF","4-Seam Fastball",14.9,-14.7,-0.2,"-1",15.7,9.9,-8.1,1.8,"22",0.4666666666666667,0.7025641025641025
"2025","Agnos, Zach","688642","Rockies","COL","R","95.8","51","216",3.789473684210526,0.2361111111111111,"FF","4-Seam Fastball",14.5,-14,-0.5,"-4",15.2,7.8,-7.6,0.2,"2",0.41025641025641024,0.4948717948717949
"2025","Anderson, Shaun","641312","Angels","LAA","R","92.1","50","180",3.2142857142857144,0.2777777777777778,"FF","4-Seam Fastball",17.2,-15.2,-2.1,"-14",15,2.1,-6.6,-4.5,"-68",0.18974358974358974,0.07435897435897436
"2025","Pérez, Cionel","672335","Orioles","BAL","L","95.5","49","437",7.803571428571429,0.11212814645308924,"FF","4-Seam Fastball",15.2,-15,-0.2,"-1",14.9,7,-8.9,-1.9,"-22",0.4666666666666667,0.2512820512820513
"2025","Bummer, Aaron","607481","Braves","ATL","L","91.8","48","391",6.982142857142857,0.12276214833759591,"FF","4-Seam Fastball",21.5,-18,-3.5,"-20",10.9,9,-9.9,-0.8,"-9",0.06923076923076923,0.3871794871794872
"2025","Roycroft, Chris","688297","Cardinals","STL","R","94.8","48","192",3.3684210526315788,0.25,"FF","4-Seam Fastball",20.7,-16.3,-4.4,"-27",9.7,7.9,-9.8,-2,"-20",0.046153846153846156,0.23846153846153847
"2025","Englert, Mason","669438","Rays","TB","R","93.8","46","299",5.245614035087719,0.15384615384615385,"FF","4-Seam Fastball",14.3,-15,0.7,"5",16.8,8.4,-7.4,1,"13",0.6410256410256411,0.5974358974358974
"2025","Hill, Tim","657612","Yankees","NYY","L","89.6","46","312",5.571428571428571,0.14743589743589744,"FF","4-Seam Fastball",31.3,-30.2,-1.1,"-4",3.3,17.7,-13.8,4,"29",0.3076923076923077,0.9256410256410257
"2025","Holton, Tyler","663947","Tigers","DET","L","91.4","45","405",6.982758620689655,0.1111111111111111,"FF","4-Seam Fastball",16.2,-15.9,-0.3,"-2",16.6,5.2,-7,-1.8,"-26",0.4564102564102564,0.2641025641025641
"2025","Phillips, Tyler","663969","Marlins","MIA","R","94.2","45","425",7.7272727272727275,0.10588235294117647,"FF","4-Seam Fastball",20.6,-14.7,-5.8,"-39",10.3,6.1,-7.4,-1.3,"-18",0.010256410256410256,0.33076923076923076
"2025","Houck, Tanner","656557","Red Sox","BOS","R","95","44","749",12.694915254237289,0.05874499332443257,"FF","4-Seam Fastball",20.7,-15.5,-5.1,"-33",9.7,11.7,-9,2.6,"29",0.023076923076923078,0.8076923076923077
"2025","Soto, Gregory","642397","Orioles","BAL","L","97.1","44","321",5.732142857142857,0.13707165109034267,"FF","4-Seam Fastball",16.1,-13.2,-2.9,"-22",13,11.3,-7.8,3.5,"44",0.10256410256410256,0.8794871794871795
"2025","Coulombe, Danny","543056","Twins","MIN","L","90.3","44","242",4.321428571428571,0.18181818181818182,"FF","4-Seam Fastball",17.7,-16.3,-1.4,"-9",15.7,0.3,-6.8,-6.5,"-95",0.2717948717948718,0.023076923076923078
"2025","Corbin, Patrick","571578","Rangers","TEX","L","91.2","40","782",13.482758620689655,0.05115089514066496,"FF","4-Seam Fastball",17.4,-15.3,-2.1,"-14",15.7,7.6,-6.3,1.3,"20",0.18974358974358974,0.6461538461538462
"2025","Richardson, Lyon","680689","Reds","CIN","R","95.5","38","215",3.706896551724138,0.17674418604651163,"FF","4-Seam Fastball",15.3,-15.1,-0.2,"-1",15,10.1,-9.2,0.9,"10",0.4666666666666667,0.5923076923076923
"2025","McCullers Jr., Lance","621121","Astros","HOU","R","91.8","36","399",7,0.09022556390977443,"FF","4-Seam Fastball",20.1,-17.7,-2.4,"-13",12.5,7.3,-9.6,-2.3,"-24",0.14871794871794872,0.2153846153846154
"2025","Spiers, Carson","686730","Reds","CIN","R","92.2","35","245",4.224137931034483,0.14285714285714285,"FF","4-Seam Fastball",15.3,-16.1,0.8,"5",17,5.6,-7.7,-2.1,"-27",0.6641025641025641,0.22564102564102564
"2025","Fermin, José","820862","Angels","LAA","R","97","35","170",3.0357142857142856,0.20588235294117646,"FF","4-Seam Fastball",11.6,-12.9,1.4,"11",17.8,8.7,-7.2,1.5,"20",0.7871794871794872,0.6717948717948717
"2025","Martinez, Justin","679885","D-backs","AZ","R","100","34","200",3.508771929824561,0.17,"FF","4-Seam Fastball",13.4,-12.2,-1.2,"-10",14.2,10.9,-8.6,2.3,"27",0.29743589743589743,0.7743589743589744
"2025","Chafin, Andrew","605177","Nationals","WSH","L","90.5","34","209",3.6666666666666665,0.16267942583732056,"FF","4-Seam Fastball",16.8,-15.3,-1.5,"-10",16.7,8.2,-6.1,2.1,"35",0.26153846153846155,0.7615384615384615
"2025","Ureña, José","570632","Blue Jays","TOR","R","96.7","32","267",4.684210526315789,0.1198501872659176,"FF","4-Seam Fastball",16.5,-14.2,-2.3,"-16",13.1,14.4,-8.6,5.8,"68",0.16153846153846155,0.9769230769230769
"2025","Holderman, Colin","670059","Pirates","PIT","R","97.1","31","279",4.810344827586207,0.1111111111111111,"FF","4-Seam Fastball",14.8,-13.7,-1.1,"-8",14.4,10.7,-8.4,2.3,"28",0.3076923076923077,0.7743589743589744
"2025","Civale, Aaron","650644","Brewers","MIL","R","91.9","31","220",3.793103448275862,0.1409090909090909,"FF","4-Seam Fastball",14.2,-15.5,1.3,"9",18.5,8.7,-7.3,1.3,"18",0.764102564102564,0.6461538461538462
"2025","Cleavinger, Garrett","664076","Rays","TB","L","96.9","30","310",5.43859649122807,0.0967741935483871,"FF","4-Seam Fastball",13.5,-14.8,1.4,"9",15.6,8.5,-9.5,-1,"-11",0.7871794871794872,0.37435897435897436
"2025","Tinoco, Jesus","622786","Marlins","MIA","R","95.3","30","282",5.127272727272727,0.10638297872340426,"FF","4-Seam Fastball",18.7,-15.9,-2.8,"-18",11.7,13.8,-9.6,4.3,"45",0.11282051282051282,0.941025641025641
"2025","Junis, Jakob","596001","Guardians","CLE","R","90.5","29","453",8.089285714285714,0.0640176600441501,"FF","4-Seam Fastball",19.7,-17.2,-2.5,"-14",13.7,5,-8.1,-3.1,"-38",0.13076923076923078,0.15897435897435896
"2025","Romero, JoJo","668941","Cardinals","STL","L","94.3","28","297",5.2105263157894735,0.09427609427609428,"FF","4-Seam Fastball",17.6,-16.3,-1.3,"-8",13.3,10.9,-10.6,0.3,"3",0.28205128205128205,0.5076923076923077
"2025","Gilbert, Tyler","656457","White Sox","CWS","L","89.9","27","227",3.982456140350877,0.11894273127753303,"FF","4-Seam Fastball",21.7,-19.7,-2,"-10",12.4,11.5,-10.5,1.1,"10",0.19743589743589743,0.6102564102564103
"2025","Thompson, Ryan","657044","D-backs","AZ","R","91.6","26","371",6.508771929824562,0.07008086253369272,"FF","4-Seam Fastball",25.3,-21.3,-3.9,"-18",7.5,9.9,-12.1,-2.2,"-18",0.05897435897435897,0.2230769230769231
"2025","Gibson, Kyle","502043","Orioles","BAL","R","91.5","26","280",5,0.09285714285714286,"FF","4-Seam Fastball",16.1,-14.8,-1.3,"-9",16.5,5.5,-6,-0.5,"-8",0.28205128205128205,0.4076923076923077
"2025","Hanifee, Brenan","669724","Tigers","DET","R","96.7","25","455",7.844827586206897,0.054945054945054944,"FF","4-Seam Fastball",16.8,-14.4,-2.4,"-17",12.6,12,-8.9,3.2,"36",0.14871794871794872,0.8538461538461538
"2025","Peralta, Wandy","593974","Padres","SD","L","95.5","22","352",6.4,0.0625,"FF","4-Seam Fastball",16.6,-14.1,-2.5,"-18",13.4,9.6,-7.8,1.9,"24",0.13076923076923078,0.7307692307692307
"2025","Gibson, Cade","806188","Marlins","MIA","L","92.1","22","233",4.236363636363636,0.0944206008583691,"FF","4-Seam Fastball",20.7,-15.9,-4.8,"-30",11.7,10,-7.6,2.4,"32",0.03333333333333333,0.7871794871794872
"2025","Garrett, Reed","657585","Mets","NYM","R","97.8","21","398",6.982456140350878,0.052763819095477386,"FF","4-Seam Fastball",13.1,-13.7,0.6,"4",15.8,9.3,-8.8,0.5,"6",0.617948717948718,0.5282051282051282
"2025","Morejon, Adrian","670970","Padres","SD","L","96.7","21","332",6.036363636363636,0.06325301204819277,"FF","4-Seam Fastball",12.3,-13.3,1,"8",17.3,5.6,-7.4,-1.8,"-25",0.7128205128205128,0.2641025641025641
"2025","Cano, Yennier","666974","Orioles","BAL","R","95.3","19","327",5.839285714285714,0.0581039755351682,"FF","4-Seam Fastball",21.5,-15.3,-6.2,"-41",8.8,14.6,-9.2,5.4,"59",0.005128205128205128,0.9666666666666667
"2025","Lawrence, Casey","596271","Mariners","SEA","R","87.9","19","276",4.928571428571429,0.06884057971014493,"FF","4-Seam Fastball",23,-21,-2,"-10",12.6,13.5,-10.6,3,"28",0.19743589743589743,0.841025641025641
"2025","Stroman, Marcus","573186","Yankees","NYY","R","89.5","19","201",3.5892857142857144,0.0945273631840796,"FF","4-Seam Fastball",19.5,-18.6,-0.9,"-5",14.8,5.2,-9.7,-4.5,"-46",0.34102564102564104,0.07435897435897436
"2025","De los Santos, Yerry","660787","Yankees","NYY","R","95.1","16","192",3.4285714285714284,0.08333333333333333,"FF","4-Seam Fastball",17.6,-14.1,-3.5,"-25",12.7,12.8,-7.3,5.5,"75",0.06923076923076923,0.9717948717948718
"2025","Castillo, José","620454","Mets","NYM","L","93.3","9","171",3,0.05263157894736842,"FF","4-Seam Fastball",18.2,-15.1,-3.1,"-21",13.3,5.1,-7.2,-2,"-28",0.08717948717948718,0.23846153846153847