"year","last_name, first_name","player_id","pitch_hand","api_pitch_type","n_pitches","release_speed","spin_rate","movement_inches","alan_active_spin_pct","active_spin","hawkeye_measured","movement_inferred","api_pitch_name","active_spin_formatted","hawkeye_measured_clock_minutes","movement_inferred_clock_minutes","diff_measured_inferred","diff2","diff_measured_inferred_minutes","hawkeye_measured_clock_hh","hawkeye_measured_clock_mm","movement_inferred_clock_hh","movement_inferred_clock_mm","diff_clock_hh","diff_clock_mm","hawkeye_measured_clock_label","movement_inferred_clock_label","diff_clock_label"
,"Verlander, Justin",434378,"R","FF",422,"93.9",2427,"20.5",0.9159807752536139,0.9542971415525832,153.26846517269684,152.85593154608782,"4-Seam Fastball",95,60,60,0.4125336266090187,0.4125336266090315,0,1,0,1,0,0,0,"1:00","1:00"," 0H 00M"
,"Morton, Charlie",450203,"R","FF",275,"94",2336,"17.2",0.7969891632064804,0.846465600183311,128.15980669067798,135.7050216953648,"4-Seam Fastball",85,105,90,-7.54521500468681,7.545215004686813,15,1,45,1,30,0,15,"1:45","1:30","+0H 15M"
,"Wilson, Justin",458677,"L","FF",145,"94.3",2263,"19.7",0.9133288147993158,0.9722216830659167,203.90002000252127,197.79733536690532,"4-Seam Fastball",97,675,690,6.102684635615958,6.102684635615917,-15,11,15,11,30,0,15,"11:15","11:30","-0H 15M"
,"Carrasco, Carlos",471911,"R","FF",114,"91.5",2173,"12.2",0.5755960620598362,0.732078182797802,143.00236924249268,154.02495358747157,"4-Seam Fastball",73,75,765,-11.022584344978895,11.022584344978902,30,1,15,12,45,0,30,"1:15","12:45","+0H 30M"
,"Yates, Kirby",489446,"R","FF",150,"92.8",2288,"19.6",0.9107306227733,0.9742386293962537,128.17570412507058,131.94384073500598,"4-Seam Fastball",97,105,90,-3.7681366099353966,3.7681366099353797,15,1,45,1,30,0,15,"1:45","1:30","+0H 15M"
,"Kelly, Merrill",518876,"R","FF",274,"91.7",2359,"17.4",0.8119105045725536,0.8366259146175083,133.78955249741858,145.99236455335455,"4-Seam Fastball",84,90,75,-12.202812055935965,12.202812055935956,15,1,30,1,15,0,15,"1:30","1:15","+0H 15M"
,"Pomeranz, Drew",519141,"L","FF",141,"93",2585,"18",0.7895079650821981,0.7544925029112408,195.1961215334651,186.04714808978437,"4-Seam Fastball",75,690,705,9.148973443680717,9.148973443680713,-15,11,30,11,45,0,15,"11:30","11:45","-0H 15M"
,"Pressly, Ryan",519151,"R","FF",120,"93",2567,"15.9",0.698046357078841,0.7015884516903288,167.01844619294093,182.08514527469958,"4-Seam Fastball",70,750,720,-15.066699081758657,15.066699081758655,30,12,30,12,0,0,30,"12:30","12:00","+0H 30M"
,"Sale, Chris",519242,"L","FF",471,"94.9",2238,"17.4",0.8466840908251677,0.9413557218837962,248.61563873273502,241.91885770222626,"4-Seam Fastball",94,585,600,6.69678103050876,6.69678103050881,-15,9,45,10,0,0,15,"9:45","10:00","-0H 15M"
,"Hendriks, Liam",521230,"R","FF",128,"94.9",2335,"19.6",0.9005784303294444,0.9708859150639767,153.32188442085985,156.38427669400326,"4-Seam Fastball",97,60,765,-3.0623922731434163,3.0623922731433932,15,1,0,12,45,0,15,"1:00","12:45","+0H 15M"
,"Anderson, Tyler",542881,"L","FF",412,"88.9",2180,"20",0.9228339622145089,0.9900965982448673,202.8794852823239,199.28459901601553,"4-Seam Fastball",99,675,675,3.5948862663083787,3.594886266308363,0,11,15,11,15,0,0,"11:15","11:15"," 0H 00M"
,"Eovaldi, Nathan",543135,"R","FF",307,"94.1",2209,"19.1",0.8899510207600221,0.9304992987609382,129.45546508702282,125.10899661671678,"4-Seam Fastball",93,105,105,4.346468470306036,4.346468470306038,0,1,45,1,45,0,0,"1:45","1:45"," 0H 00M"
,"Gray, Sonny",543243,"R","FF",190,"91.8",2507,"10.2",0.45142195560515413,0.5640725260620413,164.04497595015604,188.29023741141506,"4-Seam Fastball",56,750,705,-24.24526146125902,24.245261461259034,45,12,30,11,45,0,45,"12:30","11:45","+0H 45M"
,"Hendricks, Kyle",543294,"R","FF",142,"86.5",2040,"14.8",0.6977823264125859,0.8741628420406288,148.04322185622144,157.9062274636961,"4-Seam Fastball",87,60,765,-9.863005607474662,9.863005607474696,15,1,0,12,45,0,15,"1:00","12:45","+0H 15M"
,"Lorenzen, Michael",547179,"R","FF",276,"94.3",2331,"19",0.8831413233540862,0.9629650518445986,139.80253134593332,142.90091379092956,"4-Seam Fastball",96,75,75,-3.098382444996247,3.0983824449962403,0,1,15,1,15,0,0,"1:15","1:15"," 0H 00M"
,"Chapman, Aroldis",547973,"L","FF",166,"98.6",2449,"18.8",0.8597591035104178,0.9084718674456783,196.43081629651877,191.96708812671488,"4-Seam Fastball",91,690,690,4.463728169803886,4.463728169803924,0,11,30,11,30,0,0,"11:30","11:30"," 0H 00M"
,"García, Yimi",554340,"R","FF",145,"96",2592,"18.3",0.8006232159027802,0.80715479965823,135.95724479351327,145.82506012184,"4-Seam Fastball",81,90,75,-9.867815328326742,9.867815328326756,15,1,30,1,15,0,15,"1:30","1:15","+0H 15M"
,"Wheeler, Zack",554430,"R","FF",492,"95.8",2452,"17.6",0.7965376108353778,0.8582519901232666,135.37021374993242,145.3700926845419,"4-Seam Fastball",86,90,75,-9.999878934609484,9.999878934609493,15,1,30,1,15,0,15,"1:30","1:15","+0H 15M"
,"Boyd, Matthew",571510,"L","FF",475,"93.1",2325,"18.6",0.8554011684328857,0.9379483049785533,230.6290216609122,226.3121431026716,"4-Seam Fastball",94,615,630,4.316878558240603,4.316878558240635,-15,10,15,10,30,0,15,"10:15","10:30","-0H 15M"
,"Heaney, Andrew",571760,"L","FF",434,"90.1",2374,"20.8",0.9348810580554175,0.9940640026007521,237.12627408016792,234.35846914197123,"4-Seam Fastball",99,600,615,2.76780493819669,2.7678049381967122,-15,10,0,10,15,0,15,"10:00","10:15","-0H 15M"
,"Mikolas, Miles",571945,"R","FF",238,"92",2187,"16.7",0.785349732842883,0.8918057049123148,142.27426072959307,149.0766856695787,"4-Seam Fastball",89,75,60,-6.802424939985627,6.802424939985635,15,1,15,1,0,0,15,"1:15","1:00","+0H 15M"
,"Miller, Shelby",571946,"R","FF",231,"94.9",2422,"20.9",0.9671039938649197,0.995114350956267,144.47552105355265,146.70019760098234,"4-Seam Fastball",100,75,60,-2.224676547429681,2.2246765474296737,15,1,15,1,0,0,15,"1:15","1:00","+0H 15M"
,"Thielbar, Caleb",573204,"L","FF",121,"92.4",2333,"19.2",0.8789515202133199,0.9174601123016158,194.357475469322,191.38682574801865,"4-Seam Fastball",92,690,690,2.970649721303346,2.970649721303356,0,11,30,11,30,0,0,"11:30","11:30"," 0H 00M"
,"Kikuchi, Yusei",579328,"L","FF",413,"94.6",2184,"18.3",0.8705746452892433,0.9266433782923499,224.692545236324,216.40654859701462,"4-Seam Fastball",93,630,645,8.285996639309388,8.285996639309365,-15,10,30,10,45,0,15,"10:30","10:45","-0H 15M"
,"Booser, Cam",592155,"L","FF",172,"96",2147,"17.5",0.8425058656444698,0.9548410798199352,208.26789684813033,206.05145044055666,"4-Seam Fastball",95,660,675,2.2164464075736703,2.216446407573664,-15,11,0,11,15,0,15,"11:00","11:15","-0H 15M"
,"Gausman, Kevin",592332,"R","FF",549,"94.5",2278,"20.7",0.9560027766252832,0.9801568118002582,142.71028049393982,145.11948539269304,"4-Seam Fastball",98,75,75,-2.4092048987532166,2.409204898753214,0,1,15,1,15,0,0,"1:15","1:15"," 0H 00M"
,"Ray, Robbie",592662,"L","FF",522,"93.6",2377,"20.2",0.8996594099757054,0.9504978811088508,210.5565666137611,204.52990146007534,"4-Seam Fastball",95,660,675,6.026665153685769,6.026665153685772,-15,11,0,11,15,0,15,"11:00","11:15","-0H 15M"
,"Stanek, Ryne",592773,"R","FF",222,"98.4",2336,"20.5",0.9497936180970384,0.9938556339389705,152.5496006257713,153.28005052408906,"4-Seam Fastball",99,60,60,-0.7304498983177723,0.7304498983177445,0,1,0,1,0,0,0,"1:00","1:00"," 0H 00M"
,"Stewart, Brock",592779,"R","FF",127,"95.7",2609,"16.5",0.7360130511680679,0.7491900141435621,147.69340669640465,157.23172983487348,"4-Seam Fastball",75,60,765,-9.538323138468826,9.538323138468831,15,1,0,12,45,0,15,"1:00","12:45","+0H 15M"
,"Taillon, Jameson",592791,"R","FF",371,"92.5",2317,"19.7",0.892079241465163,0.9452879187327894,151.8250828822005,154.61728783065834,"4-Seam Fastball",95,60,765,-2.792204948457851,2.7922049484578624,15,1,0,12,45,0,15,"1:00","12:45","+0H 15M"
,"Williams, Trevor",592866,"R","FF",370,"87.5",2210,"9.5",0.4333966016993729,0.6141088525428469,149.81146501271735,168.7335877842106,"4-Seam Fastball",61,60,750,-18.922122771493264,18.92212277149327,30,1,0,12,30,0,30,"1:00","12:30","+0H 30M"
,"Rodriguez, Eduardo",593958,"L","FF",345,"91.9",2298,"16.2",0.7612559713263329,0.8088919438111227,203.09556504101036,200.45679260606198,"4-Seam Fastball",81,675,675,2.638772434948379,2.638772434948377,0,11,15,11,15,0,0,"11:15","11:15"," 0H 00M"
,"deGrom, Jacob",594798,"R","FF",441,"97.1",2509,"18.6",0.8458344685711815,0.9061562420652453,141.02119550712712,148.79608741003517,"4-Seam Fastball",91,75,60,-7.7748919029080525,7.774891902908028,15,1,15,1,0,0,15,"1:15","1:00","+0H 15M"
,"Lively, Ben",594902,"R","FF",207,"89.7",2029,"18.5",0.8859839146247017,0.9734518412306388,144.91035417712087,150.26611082438552,"4-Seam Fastball",97,75,60,-5.355756647264656,5.3557566472646645,15,1,15,1,0,0,15,"1:15","1:00","+0H 15M"
,"Okert, Steven",595345,"L","FF",159,"92.4",2230,"18.3",0.8480631208984309,0.9381802204193151,220.17288702930557,210.23829663228332,"4-Seam Fastball",94,645,660,9.934590397022248,9.934590397022232,-15,10,45,11,0,0,15,"10:45","11:00","-0H 15M"
,"Weaver, Luke",596133,"R","FF",198,"94.3",2429,"20.2",0.9075524751875056,0.9574573245775523,155.5818349527746,158.56152626018462,"4-Seam Fastball",96,765,765,-2.9796913074100075,2.979691307410018,0,12,45,12,45,0,0,"12:45","12:45"," 0H 00M"
,"Pivetta, Nick",601713,"R","FF",468,"93.6",2296,"19.3",0.8979096817105384,0.9495985996399806,170.48365022354176,174.4867184214451,"4-Seam Fastball",95,735,735,-4.003068197903332,4.003068197903323,0,12,15,12,15,0,0,"12:15","12:15"," 0H 00M"
,"Brebbia, John",605154,"R","FF",132,"92.5",2161,"19.9",0.9428164096666813,0.9970675590281158,141.0855911142986,143.71499390743324,"4-Seam Fastball",100,75,75,-2.6294027931346307,2.6294027931346564,0,1,15,1,15,0,0,"1:15","1:15"," 0H 00M"
,"Nola, Aaron",605400,"R","FF",218,"91.4",2307,"20",0.9018991572086528,0.9508592113886831,131.55178557213566,134.0475117592278,"4-Seam Fastball",95,90,90,-2.4957261870921457,2.4957261870921554,0,1,30,1,30,0,0,"1:30","1:30"," 0H 00M"
,"Romano, Jordan",605447,"R","FF",128,"95.2",2273,"19.2",0.8959653046276138,0.9737225124182443,154.60135917535737,157.64455649541793,"4-Seam Fastball",97,765,765,-3.043197320060557,3.0431973200605524,0,12,45,12,45,0,0,"12:45","12:45"," 0H 00M"
,"Ross, Joe",605452,"R","FF",158,"93.8",2210,"11.4",0.5459995596221207,0.7629324502335245,152.4505463960108,162.1859402654267,"4-Seam Fastball",76,60,750,-9.735393869415901,9.7353938694159,30,1,0,12,30,0,30,"1:00","12:30","+0H 30M"
,"Scott, Tayler",605463,"R","FF",161,"92",2105,"18.9",0.895640905694385,0.9613415915907554,116.04190906326149,120.87969069535569,"4-Seam Fastball",96,135,120,-4.837781632094206,4.83778163209421,15,2,15,2,0,0,15,"2:15","2:00","+0H 15M"
,"Springs, Jeffrey",605488,"L","FF",446,"90.3",2151,"19.2",0.8930715557129849,0.9851208372059893,220.38157239520712,216.14610354704791,"4-Seam Fastball",99,645,645,4.235468848159201,4.23546884815919,0,10,45,10,45,0,0,"10:45","10:45"," 0H 00M"
,"Montero, Rafael",606160,"R","FF",173,"94.7",2360,"17.5",0.8273729147244002,0.8864352974871541,138.16894369453976,144.4779274044776,"4-Seam Fastball",89,90,75,-6.3089837099378485,6.308983709937854,15,1,30,1,15,0,15,"1:30","1:15","+0H 15M"
,"Payamps, Joel",606303,"R","FF",114,"94.7",2457,"16.9",0.7787337104245021,0.7556343615505627,147.33045689643518,154.22831899590136,"4-Seam Fastball",76,60,765,-6.897862099466181,6.897862099466174,15,1,0,12,45,0,15,"1:00","12:45","+0H 15M"
,"Rea, Colin",607067,"R","FF",414,"93.7",2212,"16.2",0.7648236489608395,0.8677622744409463,142.32924086678105,146.45443812279896,"4-Seam Fastball",87,75,60,-4.125197256017913,4.125197256017919,15,1,15,1,0,0,15,"1:15","1:00","+0H 15M"
,"Rodón, Carlos",607074,"L","FF",481,"94.3",2320,"20.1",0.9167543705011499,0.971761246846325,214.58337260141982,211.40931115551425,"4-Seam Fastball",97,645,660,3.174061445905579,3.174061445905577,-15,10,45,11,0,0,15,"10:45","11:00","-0H 15M"
,"Glasnow, Tyler",607192,"R","FF",142,"95.2",2509,"16.7",0.7477122254128412,0.7675433582944987,169.22469600252705,173.34149728079996,"4-Seam Fastball",77,735,735,-4.116801278272902,4.116801278272881,0,12,15,12,15,0,0,"12:15","12:15"," 0H 00M"
,"Martinez, Nick",607259,"R","FF",213,"92.6",2332,"18.5",0.8542559345909931,0.910368670550417,157.43556992173055,162.93126731789908,"4-Seam Fastball",91,765,750,-5.495697396168538,5.495697396168539,15,12,45,12,30,0,15,"12:45","12:30","+0H 15M"
,"Banda, Anthony",607455,"L","FF",119,"95.5",2156,"18",0.859525400464541,0.9529452513309408,224.50897337100574,216.73196533441086,"4-Seam Fastball",95,630,645,7.777008036594879,7.777008036594876,-15,10,30,10,45,0,15,"10:30","10:45","-0H 15M"
,"Freeland, Kyle",607536,"L","FF",222,"91.7",2393,"16.4",0.7927989803758854,0.865105403879512,215.31281364444231,209.09220863855103,"4-Seam Fastball",87,645,660,6.2206050058912865,6.220605005891295,-15,10,45,11,0,0,15,"10:45","11:00","-0H 15M"
,"Lugo, Seth",607625,"R","FF",220,"92.1",2353,"16.4",0.7591636666293854,0.8394786609642699,147.14221664656,154.04988165619605,"4-Seam Fastball",84,60,765,-6.907665009636048,6.907665009636044,15,1,0,12,45,0,15,"1:00","12:45","+0H 15M"
,"Estévez, Carlos",608032,"R","FF",199,"95.2",2162,"19",0.9229340377971681,0.993458735364332,150.9997710187578,153.4231548237813,"4-Seam Fastball",99,60,60,-2.423383805023491,2.423383805023471,0,1,0,1,0,0,0,"1:00","1:00"," 0H 00M"
,"Fried, Max",608331,"L","FF",473,"94",2281,"10.6",0.5017645465779685,0.6347458964222925,197.6878580011243,175.355482970328,"4-Seam Fastball",63,690,735,22.3323750307963,22.332375030796303,-45,11,30,12,15,0,45,"11:30","12:15","-0H 45M"
,"Giolito, Lucas",608337,"R","FF",240,"93",2204,"18.7",0.8823822477626246,0.9956968533840655,149.33010891424308,156.2477255694308,"4-Seam Fastball",100,60,765,-6.9176166551877145,6.9176166551877145,15,1,0,12,45,0,15,"1:00","12:45","+0H 15M"
,"Sims, Lucas",608371,"R","FF",123,"94.9",2508,"18.9",0.8444710237829849,0.9141988163504622,153.09368540199597,160.0450374245914,"4-Seam Fastball",91,60,765,-6.951352022595444,6.951352022595452,15,1,0,12,45,0,15,"1:00","12:45","+0H 15M"
,"Sugano, Tomoyuki",608372,"R","FF",149,"92.4",2365,"17.6",0.7970080837001517,0.8733780379990227,152.39971258607247,158.32745181893,"4-Seam Fastball",87,60,765,-5.927739232857533,5.92773923285752,15,1,0,12,45,0,15,"1:00","12:45","+0H 15M"
,"Wacha, Michael",608379,"R","FF",307,"93.1",2162,"19",0.900967976888726,0.9744542500148018,157.76379485762348,159.6453937623533,"4-Seam Fastball",97,765,765,-1.8815989047298274,1.8815989047298176,0,12,45,12,45,0,0,"12:45","12:45"," 0H 00M"
,"Márquez, Germán",608566,"R","FF",250,"95.3",2195,"16.7",0.8517645270494871,0.9459859075752387,139.5541974336931,143.63887671670813,"4-Seam Fastball",95,75,75,-4.084679283015021,4.084679283015018,0,1,15,1,15,0,0,"1:15","1:15"," 0H 00M"
,"Stratton, Chris",608717,"R","FF",130,"91",2418,"16.7",0.7468070051382633,0.8154217365618439,149.36501890770325,160.12232651350405,"4-Seam Fastball",82,60,765,-10.757307605800804,10.757307605800788,15,1,0,12,45,0,15,"1:00","12:45","+0H 15M"
,"Suter, Brent",608718,"L","FF",182,"86.3",2230,"13.6",0.6218697447835416,0.6851951146415335,183.32607298574206,162.55156202983298,"4-Seam Fastball",69,720,750,20.77451095590908,20.774510955909072,-30,12,0,12,30,0,30,"12:00","12:30","-0H 30M"
,"Quantrill, Cal",615698,"R","FF",192,"93.2",2128,"19.6",0.9404036608589611,0.9875198552278561,145.23113389505303,145.31777459997488,"4-Seam Fastball",99,75,75,-0.08664070492184806,0.08664070492184822,0,1,15,1,15,0,0,"1:15","1:15"," 0H 00M"
,"Ferguson, Tyler",621053,"R","FF",162,"94.8",2271,"16.7",0.7799138122788768,0.8409717049782448,133.65863491490444,144.4617925404226,"4-Seam Fastball",84,90,75,-10.803157625518168,10.803157625518164,15,1,30,1,15,0,15,"1:30","1:15","+0H 15M"
,"Buehler, Walker",621111,"R","FF",169,"93.7",2343,"18.5",0.8308455626069606,0.9015316238086004,155.88719815300823,158.70346827479347,"4-Seam Fastball",90,765,765,-2.8162701217852373,2.8162701217852315,0,12,45,12,45,0,0,"12:45","12:45"," 0H 00M"
,"Díaz, Edwin",621242,"R","FF",189,"96.6",2285,"18.8",0.8711790037159595,0.9419757311720014,127.44777507574723,132.17993400105934,"4-Seam Fastball",94,105,90,-4.732158925312106,4.732158925312125,15,1,45,1,30,0,15,"1:45","1:30","+0H 15M"
,"Berríos, José",621244,"R","FF",209,"93.1",2156,"18.1",0.8522014659959579,0.9243191966665842,137.01547936903623,144.67349820299944,"4-Seam Fastball",92,90,75,-7.658018833963212,7.6580188339632045,15,1,30,1,15,0,15,"1:30","1:15","+0H 15M"
,"Poche, Colin",621363,"L","FF",152,"92",2239,"19.6",0.9279105313006927,0.9923151189873077,188.58958110641953,184.72462678377514,"4-Seam Fastball",99,705,705,3.864954322644394,3.8649543226443823,0,11,45,11,45,0,0,"11:45","11:45"," 0H 00M"
,"Strahm, Matt",621381,"L","FF",158,"92",2502,"21.7",0.9618078620793946,0.9850405975171479,226.39032409718513,222.68498380956538,"4-Seam Fastball",99,630,630,3.705340287619748,3.7053402876197383,0,10,30,10,30,0,0,"10:30","10:30"," 0H 00M"
,"Castillo, Luis",622491,"R","FF",478,"95",2209,"18.6",0.8613991593497438,0.9179722643699972,122.97203289734573,131.2726428876041,"4-Seam Fastball",92,120,90,-8.300609990258366,8.300609990258348,30,2,0,1,30,0,30,"2:00","1:30","+0H 30M"
,"Domínguez, Seranthony",622554,"R","FF",160,"97.6",2307,"16.2",0.7604207923533007,0.8348602783169795,150.56181871016886,159.79855296117285,"4-Seam Fastball",83,60,765,-9.23673425100398,9.236734251003977,15,1,0,12,45,0,15,"1:00","12:45","+0H 15M"
,"Senzatela, Antonio",622608,"R","FF",512,"94.6",2217,"11.5",0.5979927070640786,0.829011048268273,152.09279072496693,159.80117782767445,"4-Seam Fastball",83,60,765,-7.708387102707519,7.708387102707529,15,1,0,12,45,0,15,"1:00","12:45","+0H 15M"
,"Severino, Luis",622663,"R","FF",303,"96",2243,"17.4",0.8178420072673932,0.9228281629222688,149.0243297208849,155.21213845228675,"4-Seam Fastball",92,60,765,-6.187808731401844,6.187808731401861,15,1,0,12,45,0,15,"1:00","12:45","+0H 15M"
,"Finnegan, Kyle",640448,"R","FF",224,"96",2204,"19.9",0.9624494513244086,0.9909826943575544,145.92687080561936,146.2726266822117,"4-Seam Fastball",99,75,60,-0.3457558765923352,0.3457558765923292,15,1,15,1,0,0,15,"1:15","1:00","+0H 15M"
,"López, Pablo",641154,"R","FF",404,"94.5",2152,"15.1",0.7330349597735316,0.7753688235811781,142.98926475224098,153.6519967136352,"4-Seam Fastball",78,75,60,-10.662731961394229,10.662731961394238,15,1,15,1,0,0,15,"1:15","1:00","+0H 15M"
,"Alexander, Tyler",641302,"L","FF",162,"90.1",2166,"17.5",0.8414602511285262,0.8907563402834516,215.57226972885275,210.74420513664586,"4-Seam Fastball",89,645,660,4.828064592206886,4.8280645922069025,-15,10,45,11,0,0,15,"10:45","11:00","-0H 15M"
,"Baker, Bryan",641329,"R","FF",194,"96.7",2334,"19",0.8809767126220834,0.9564730773122926,160.2619233201744,165.1798267926281,"4-Seam Fastball",96,765,750,-4.917903472453702,4.917903472453715,15,12,45,12,30,0,15,"12:45","12:30","+0H 15M"
,"Keller, Brad",641745,"R","FF",196,"97",2387,"15",0.6950210604976655,0.7284635584769665,165.69145156600425,175.83382434222233,"4-Seam Fastball",73,750,735,-10.142372776218082,10.14237277621808,15,12,30,12,15,0,15,"12:30","12:15","+0H 15M"
,"Kinley, Tyler",641755,"R","FF",138,"95",2347,"14",0.7000625641024419,0.7950294016302196,159.4469160542984,170.93164664621153,"4-Seam Fastball",80,765,735,-11.48473059191312,11.484730591913134,30,12,45,12,15,0,30,"12:45","12:15","+0H 30M"
,"Lauer, Eric",641778,"L","FF",135,"91.5",2213,"18.3",0.8585551200997249,0.9385783971162595,219.6374237768782,212.2887906521752,"4-Seam Fastball",94,645,660,7.348633124702985,7.348633124702949,-15,10,45,11,0,0,15,"10:45","11:00","-0H 15M"
,"Littell, Zack",641793,"R","FF",218,"92",2018,"17",0.8411187539401768,0.9511965952867196,149.2610241178019,154.64055402214348,"4-Seam Fastball",95,60,765,-5.379529904341581,5.379529904341585,15,1,0,12,45,0,15,"1:00","12:45","+0H 15M"
,"Mahle, Tyler",641816,"R","FF",530,"92",2340,"21.2",0.9703491228551311,0.9970819667431274,144.7512744869448,147.6920730427784,"4-Seam Fastball",100,75,60,-2.940798555833595,2.9407985558336094,15,1,15,1,0,0,15,"1:15","1:00","+0H 15M"
,"Ober, Bailey",641927,"R","FF",345,"90.6",2282,"18.5",0.8507005539139797,0.8984393618259638,149.5035036022947,153.95827267413185,"4-Seam Fastball",90,60,765,-4.454769071837148,4.454769071837156,15,1,0,12,45,0,15,"1:00","12:45","+0H 15M"
,"Pagán, Emilio",641941,"R","FF",240,"95.1",2591,"19.4",0.8754771015825246,0.9286580495552523,154.17153175379255,159.8776045034518,"4-Seam Fastball",93,765,765,-5.706072749659256,5.70607274965925,0,12,45,12,45,0,0,"12:45","12:45"," 0H 00M"
,"Speier, Gabe",642100,"L","FF",121,"94.9",2260,"18.4",0.8434759115739093,0.9323158035494008,224.93305325194717,212.99454313672098,"4-Seam Fastball",93,630,660,11.938510115226194,11.938510115226212,-30,10,30,11,0,0,30,"10:30","11:00","-0H 30M"
,"Williams, Devin",642207,"R","FF",181,"93.5",2370,"20",0.9096848458633858,0.9525932094856088,139.44415815746854,144.6973052181446,"4-Seam Fastball",95,75,75,-5.253147060676071,5.253147060676082,0,1,15,1,15,0,0,"1:15","1:15"," 0H 00M"
,"Peralta, Freddy",642547,"R","FF",680,"94.6",2441,"17.1",0.7884631274301972,0.8551495870789037,152.94153449030512,162.9376123335723,"4-Seam Fastball",86,60,750,-9.996077843267187,9.99607784326718,30,1,0,12,30,0,30,"1:00","12:30","+0H 30M"
,"Green, Chad",643338,"R","FF",197,"94.9",2461,"19.5",0.8702875658200883,0.9217811033553722,152.78686458617562,158.0555868423083,"4-Seam Fastball",92,60,765,-5.268722256132662,5.268722256132681,15,1,0,12,45,0,15,"1:00","12:45","+0H 15M"
,"Alcantara, Sandy",645261,"R","FF",243,"97.4",2276,"19.8",0.9341880158995138,0.9651043127945514,125.82404956687878,127.75580626362414,"4-Seam Fastball",97,105,105,-1.931756696745353,1.9317566967453657,0,1,45,1,45,0,0,"1:45","1:45"," 0H 00M"
,"Soroka, Michael",647336,"R","FF",176,"94.1",2533,"17.6",0.7885865129342957,0.8325881632710642,136.83747238129604,146.59293944039928,"4-Seam Fastball",83,90,60,-9.755467059103239,9.755467059103243,30,1,30,1,0,0,30,"1:30","1:00","+0H 30M"
,"Abreu, Bryan",650556,"R","FF",208,"97.2",2313,"17.8",0.8274763217998874,0.8646872128613314,148.9290668774514,157.20112811326698,"4-Seam Fastball",86,60,765,-8.272061235815585,8.272061235815613,15,1,0,12,45,0,15,"1:00","12:45","+0H 15M"
,"King, Michael",650633,"R","FF",230,"93.6",2374,"18",0.8064719225222774,0.8387793525448622,146.77659337213444,155.65572531938366,"4-Seam Fastball",84,60,765,-8.87913194724922,8.87913194724921,15,1,0,12,45,0,15,"1:00","12:45","+0H 15M"
,"Beeks, Jalen",656222,"L","FF",210,"94.7",2162,"17.1",0.835814629729344,0.931499009296561,206.88591616000372,201.50542795869694,"4-Seam Fastball",93,660,675,5.380488201306775,5.380488201306762,-15,11,0,11,15,0,15,"11:00","11:15","-0H 15M"
,"Blewett, Scott",656240,"R","FF",138,"93.4",2261,"15.2",0.7197270636393409,0.8381658491477746,153.5039032237081,159.36906928259808,"4-Seam Fastball",84,60,765,-5.865166058889969,5.865166058889968,15,1,0,12,45,0,15,"1:00","12:45","+0H 15M"
,"Burke, Brock",656271,"L","FF",166,"95.6",2253,"18",0.850108579949477,0.9231900927636124,221.5477997738468,211.65902103691943,"4-Seam Fastball",92,630,660,9.888778736927378,9.888778736927392,-30,10,30,11,0,0,30,"10:30","11:00","-0H 30M"
,"Canning, Griffin",656288,"R","FF",322,"93.9",2156,"18.4",0.8701036590790343,0.9435153696063026,144.39229846931661,146.6257832740115,"4-Seam Fastball",94,75,60,-2.233484804694882,2.233484804694859,15,1,15,1,0,0,15,"1:15","1:00","+0H 15M"
,"Cease, Dylan",656302,"R","FF",368,"96.8",2527,"19",0.8502083025915208,0.8884942339552014,165.2024000028187,166.99301968472082,"4-Seam Fastball",89,750,750,-1.7906196819021147,1.79061968190209,0,12,30,12,30,0,0,"12:30","12:30"," 0H 00M"
,"Flaherty, Jack",656427,"R","FF",443,"92.8",2203,"16.6",0.773637768854333,0.8547648284715007,150.74469276170777,160.04875291427228,"4-Seam Fastball",85,60,765,-9.304060152564517,9.304060152564519,15,1,0,12,45,0,15,"1:00","12:45","+0H 15M"
,"Hoffman, Jeff",656546,"R","FF",142,"97",2606,"21.3",0.9403653605640744,0.96964523503249,141.71792864984437,145.16481411999175,"4-Seam Fastball",97,75,75,-3.446885470147379,3.44688547014739,0,1,15,1,15,0,0,"1:15","1:15"," 0H 00M"
,"Holmes, Grant",656550,"R","FF",411,"94.3",2312,"15.4",0.7380133549498759,0.7962402302912043,148.95514604760479,158.97525248688203,"4-Seam Fastball",80,60,765,-10.020106439277242,10.020106439277242,15,1,0,12,45,0,15,"1:00","12:45","+0H 15M"
,"Keller, Mitch",656605,"R","FF",373,"93.8",2410,"17.6",0.7948909771444722,0.8334996383303155,143.57649672552103,148.12851242658397,"4-Seam Fastball",83,75,60,-4.552015701062942,4.5520157010629285,15,1,15,1,0,0,15,"1:15","1:00","+0H 15M"
,"Latz, Jacob",656641,"L","FF",126,"94.6",2311,"20.3",0.9405476629514113,0.9727806589959643,208.35816285739273,205.00428336931307,"4-Seam Fastball",97,660,675,3.353879488079656,3.3538794880796674,-15,11,0,11,15,0,15,"11:00","11:15","-0H 15M"
,"Megill, Trevor",656730,"R","FF",192,"98.4",2441,"19.3",0.8968046034798005,0.9341459534700428,162.6849719601541,167.5340566934344,"4-Seam Fastball",93,750,750,-4.849084733280307,4.8490847332803115,0,12,30,12,30,0,0,"12:30","12:30"," 0H 00M"
,"Megill, Tylor",656731,"R","FF",424,"95.4",2304,"18.2",0.8320572083029615,0.8486242590396658,147.52950145221405,157.33264952606376,"4-Seam Fastball",85,60,765,-9.803148073849712,9.803148073849686,15,1,0,12,45,0,15,"1:00","12:45","+0H 15M"
,"Newcomb, Sean",656794,"L","FF",215,"92.6",2319,"18.4",0.8314937883561873,0.8894208618032705,223.0185975002289,212.97832128317614,"4-Seam Fastball",89,630,660,10.040276217052764,10.04027621705274,-30,10,30,11,0,0,30,"10:30","11:00","-0H 30M"
,"Peterson, David",656849,"L","FF",247,"92.5",2126,"14.4",0.6810857274693634,0.7219483957091841,213.90694471717606,202.68368198250283,"4-Seam Fastball",72,645,675,11.223262734673227,11.223262734673261,-30,10,45,11,15,0,30,"10:45","11:15","-0H 30M"
,"Rasmussen, Drew",656876,"R","FF",280,"95.7",2498,"17.6",0.8133150313360603,0.9090703242087314,160.60407479669902,165.5528181077971,"4-Seam Fastball",91,765,750,-4.94874331109807,4.948743311098057,15,12,45,12,30,0,15,"12:45","12:30","+0H 15M"
,"Scott, Tanner",656945,"L","FF",205,"96.1",2540,"17.7",0.8021030769332032,0.8091704747388246,214.48861086474656,201.03274327313477,"4-Seam Fastball",81,645,675,13.455867591611792,13.455867591611764,-30,10,45,11,15,0,30,"10:45","11:15","-0H 30M"
,"Sousa, Bennett",656986,"L","FF",128,"95",2254,"16.7",0.7842999994544081,0.8432861425896054,196.27341471775082,191.32572248639605,"4-Seam Fastball",84,690,690,4.947692231354779,4.947692231354798,0,11,30,11,30,0,0,"11:30","11:30"," 0H 00M"
,"Steele, Justin",657006,"L","FF",142,"90.8",2359,"14.4",0.6372922453214913,0.6604378553818654,202.03105323712597,183.13453381785948,"4-Seam Fastball",66,675,720,18.896519419266497,18.896519419266543,-45,11,15,12,0,0,45,"11:15","12:00","-0H 45M"
,"Webb, Jacob",657097,"R","FF",158,"93",2439,"18.8",0.8515767097931576,0.8789541208541887,139.642715106747,149.4207129954574,"4-Seam Fastball",88,75,60,-9.777997888710388,9.777997888710384,15,1,15,1,0,0,15,"1:15","1:00","+0H 15M"
,"Merryweather, Julian",657240,"R","FF",161,"96",2211,"17",0.8068764056274838,0.9352551992523565,154.97599687084082,163.82519688031113,"4-Seam Fastball",94,765,750,-8.849200009470309,8.849200009470293,15,12,45,12,30,0,15,"12:45","12:30","+0H 15M"
,"Ferguson, Caleb",657571,"L","FF",129,"93.8",2298,"16.6",0.7785084445725885,0.8803878815315243,211.35726064479886,201.38046077190995,"4-Seam Fastball",88,660,675,9.976799872888904,9.976799872888884,-15,11,0,11,15,0,15,"11:00","11:15","-0H 15M"
,"Ryan, Joe",657746,"R","FF",551,"93.1",2231,"18.4",0.8684815202394516,0.9577905680502043,131.90935020366553,133.61836618135908,"4-Seam Fastball",96,90,90,-1.7090159776935536,1.7090159776935716,0,1,30,1,30,0,0,"1:30","1:30"," 0H 00M"
,"Rodriguez, Elvin",660730,"R","FF",145,"94.3",2456,"19.8",0.9097780221771852,0.9539119403878884,156.05564416763943,160.90873088333646,"4-Seam Fastball",95,765,765,-4.853086715697032,4.8530867156970094,0,12,45,12,45,0,0,"12:45","12:45"," 0H 00M"
,"Bazardo, Eduard",660825,"R","FF",118,"94.5",2136,"17.7",0.8263535869703139,0.9067055027589516,143.85056919463216,153.29301030008028,"4-Seam Fastball",91,75,60,-9.442441105448125,9.442441105448145,15,1,15,1,0,0,15,"1:15","1:00","+0H 15M"
,"De Los Santos, Enyel",660853,"R","FF",172,"96.3",2253,"16.8",0.8193343878291003,0.9124587993418536,132.87573627607932,135.90531263052128,"4-Seam Fastball",91,90,90,-3.029576354441957,3.029576354441949,0,1,30,1,30,0,0,"1:30","1:30"," 0H 00M"
,"Alcala, Jorge",660896,"R","FF",166,"97.1",2447,"20.4",0.9370966466137349,0.9615386275374078,147.76810776843155,150.77017653314618,"4-Seam Fastball",96,60,60,-3.002068764714636,3.0020687647146325,0,1,0,1,0,0,0,"1:00","1:00"," 0H 00M"
,"Duran, Jhoan",661395,"R","FF",161,"100.2",2094,"18.6",0.9359579159040379,0.9889498902531082,128.16819926551804,129.38117970261493,"4-Seam Fastball",99,105,105,-1.2129804370968884,1.2129804370968884,0,1,45,1,45,0,0,"1:45","1:45"," 0H 00M"
,"Muñoz, Andrés",662253,"R","FF",139,"98.7",2223,"17.1",0.8078767081642365,0.9083065403792867,132.6492226268462,137.972183791227,"4-Seam Fastball",91,90,90,-5.322961164380786,5.3229611643807875,0,1,30,1,30,0,0,"1:30","1:30"," 0H 00M"
,"Suarez, Robert",663158,"R","FF",212,"98.3",2400,"19.6",0.9010803061601035,0.9515110821544891,156.26538380653224,158.7397892173745,"4-Seam Fastball",95,765,765,-2.4744054108422517,2.47440541084226,0,12,45,12,45,0,0,"12:45","12:45"," 0H 00M"
,"Feltner, Ryan",663372,"R","FF",194,"93.5",2401,"11.3",0.56195395306827,0.7064295683218864,152.8013542138973,158.18197448394514,"4-Seam Fastball",71,60,765,-5.380620270047842,5.380620270047826,15,1,0,12,45,0,15,"1:00","12:45","+0H 15M"
,"Martin, Davis",663436,"R","FF",279,"93.5",2399,"15.9",0.719168921562774,0.8230406486330332,150.74959998801114,160.76425477384953,"4-Seam Fastball",82,60,765,-10.014654785838388,10.014654785838417,15,1,0,12,45,0,15,"1:00","12:45","+0H 15M"
,"Bubic, Kris",663460,"L","FF",389,"92.4",2410,"18.5",0.834184570231368,0.8548912617203095,205.12348605795484,195.59217246326378,"4-Seam Fastball",85,675,690,9.531313594691056,9.531313594691078,-15,11,15,11,30,0,15,"11:15","11:30","-0H 15M"
,"Hudson, Bryan",663542,"L","FF",161,"90.1",2199,"15.7",0.7434425341885178,0.7938102770381162,230.85772480002646,218.8140840477939,"4-Seam Fastball",79,615,645,12.043640752232562,12.043640752232612,-30,10,15,10,45,0,30,"10:15","10:45","-0H 30M"
,"Mize, Casey",663554,"R","FF",251,"94.3",2192,"18.4",0.8850162970144712,0.9778058181574714,149.20284008353588,154.25620063328677,"4-Seam Fastball",98,60,765,-5.0533605497508916,5.053360549750905,15,1,0,12,45,0,15,"1:00","12:45","+0H 15M"
,"Falter, Bailey",663559,"L","FF",397,"92",2094,"18.6",0.8905621298998895,0.98835579934858,192.65823289905467,190.15706013704144,"4-Seam Fastball",99,690,705,2.5011727620132262,2.5011727620132196,-15,11,30,11,45,0,15,"11:30","11:45","-0H 15M"
,"Kolek, Stephen",663568,"R","FF",133,"94.3",2203,"14.3",0.7235370454216271,0.8877767137263346,139.54529584698668,147.50398847163984,"4-Seam Fastball",89,75,60,-7.9586926246531675,7.958692624653162,15,1,15,1,0,0,15,"1:15","1:00","+0H 15M"
,"Santillan, Tony",663574,"R","FF",284,"96.2",2334,"17.8",0.839413130531075,0.9371633761539162,134.24640471206044,135.85979786166578,"4-Seam Fastball",94,90,90,-1.6133931496053435,1.6133931496053393,0,1,30,1,30,0,0,"1:30","1:30"," 0H 00M"
,"Irvin, Jake",663623,"R","FF",325,"92",2328,"16.7",0.7781887737318469,0.844197420938041,139.05364732361468,147.14513138846587,"4-Seam Fastball",84,75,60,-8.091484064851187,8.09148406485118,15,1,15,1,0,0,15,"1:15","1:00","+0H 15M"
,"Harris, Hogan",663687,"L","FF",177,"92.6",2289,"19",0.8778790293466912,0.9887917581366289,204.68954451368515,208.80484493242733,"4-Seam Fastball",99,675,660,-4.11530041874218,4.115300418742202,15,11,15,11,0,0,15,"11:15","11:00","+0H 15M"
,"Paddack, Chris",663978,"R","FF",480,"93.6",2234,"20.6",0.9694152602284872,0.996352206323041,152.15343170857992,153.59724774409668,"4-Seam Fastball",100,60,60,-1.443816035516761,1.443816035516762,0,1,0,1,0,0,0,"1:00","1:00"," 0H 00M"
,"Gonsolin, Tony",664062,"R","FF",210,"93.4",2234,"19.2",0.9093484797581227,0.970870778215197,142.745545490095,146.45990574280472,"4-Seam Fastball",97,75,60,-3.7143602527097244,3.714360252709739,15,1,15,1,0,0,15,"1:15","1:00","+0H 15M"
,"Fairbanks, Pete",664126,"R","FF",209,"97.1",2435,"17",0.7938468644427515,0.8875233357941406,176.12522757709237,182.8488511992689,"4-Seam Fastball",89,735,720,-6.723623622176518,6.723623622176559,15,12,15,12,0,0,15,"12:15","12:00","+0H 15M"
,"Gibaut, Ian",664139,"R","FF",128,"94",2145,"17.8",0.8571990152850991,0.9574446598437618,155.44877405014364,160.06755404221028,"4-Seam Fastball",96,765,765,-4.618779992066635,4.618779992066631,0,12,45,12,45,0,0,"12:45","12:45"," 0H 00M"
,"Helsley, Ryan",664854,"R","FF",159,"99",2520,"17.4",0.7904587767298146,0.8889360268162922,168.08882221831033,173.2534365152633,"4-Seam Fastball",89,750,735,-5.164614296952976,5.164614296952955,15,12,30,12,15,0,15,"12:30","12:15","+0H 15M"
,"Kremer, Dean",665152,"R","FF",263,"93.6",2265,"19.7",0.9109172408143079,0.9768726369661644,151.2216272634671,154.96866204538495,"4-Seam Fastball",98,60,765,-3.747034781917847,3.7470347819178373,15,1,0,12,45,0,15,"1:00","12:45","+0H 15M"
,"Ragans, Cole",666142,"L","FF",380,"95.4",2562,"21.6",0.9850271554859864,0.9863080808630164,224.6084685689613,221.20997195217637,"4-Seam Fastball",99,630,645,3.3984966167849393,3.398496616784941,-15,10,30,10,45,0,15,"10:30","10:45","-0H 15M"
,"Lodolo, Nick",666157,"L","FF",287,"93.5",2287,"20.1",0.9421277952496064,0.9869642463955078,248.28982646741866,245.58989507975608,"4-Seam Fastball",99,585,585,2.6999313876625877,2.6999313876626365,0,9,45,9,45,0,0,"9:45","9:45"," 0H 00M"
,"Luzardo, Jesús",666200,"L","FF",370,"96.4",2230,"18",0.873936987488379,0.9393089810666542,229.60593336769878,222.07295386545167,"4-Seam Fastball",94,615,630,7.532979502247116,7.532979502247108,-15,10,15,10,30,0,15,"10:15","10:30","-0H 15M"
,"Wentz, Joey",666214,"L","FF",228,"93.9",2329,"17.8",0.8267580607739077,0.892756199190069,200.46248135071767,200.231570025933,"4-Seam Fastball",89,675,675,0.23091132478467102,0.23091132478470722,0,11,15,11,15,0,0,"11:15","11:15"," 0H 00M"
,"Morillo, Juan",666661,"R","FF",138,"98.9",2267,"16.8",0.8280541806999524,0.9043878121058002,153.60489432979588,162.6862201812469,"4-Seam Fastball",90,60,750,-9.081325851451027,9.081325851451044,30,1,0,12,30,0,30,"1:00","12:30","+0H 30M"
,"Gallen, Zac",668678,"R","FF",533,"93.2",2344,"17.5",0.8275366787026779,0.8546724341728973,153.92813662127512,164.73554011614195,"4-Seam Fastball",85,765,750,-10.807403494866833,10.807403494866856,15,12,45,12,30,0,15,"12:45","12:30","+0H 15M"
,"Kranick, Max",668820,"R","FF",182,"95.5",2281,"17.1",0.7904300663535017,0.8646740922774009,165.0848599931092,170.3829620315012,"4-Seam Fastball",86,750,735,-5.298102038391988,5.2981020383919954,15,12,30,12,15,0,15,"12:30","12:15","+0H 15M"
,"Greene, Hunter",668881,"R","FF",512,"99.3",2437,"18.7",0.8846156961978638,0.9656675363282796,144.11123197063728,148.4102641491563,"4-Seam Fastball",97,75,60,-4.299032178519013,4.299032178519015,15,1,15,1,0,0,15,"1:15","1:00","+0H 15M"
,"Williams, Gavin",668909,"R","FF",477,"96.9",2309,"18.8",0.8812023904892755,0.9622878208562575,140.66308753559076,143.89266914953046,"4-Seam Fastball",96,75,75,-3.2295816139397004,3.2295816139396925,0,1,15,1,15,0,0,"1:15","1:15"," 0H 00M"
,"Myers, Tobias",668964,"R","FF",179,"92.6",2244,"19.8",0.9225975185300715,0.9953679670965316,162.10864081184266,163.92768562454415,"4-Seam Fastball",100,750,750,-1.8190448127014918,1.8190448127014904,0,12,30,12,30,0,0,"12:30","12:30"," 0H 00M"
,"Legumina, Casey",668984,"R","FF",194,"93.9",2457,"20.4",0.907098891243119,0.9597083984964888,130.31314329554942,129.7545632754776,"4-Seam Fastball",96,105,105,0.5585800200718154,0.5585800200718203,0,1,45,1,45,0,0,"1:45","1:45"," 0H 00M"
,"Gore, MacKenzie",669022,"L","FF",587,"95.4",2263,"18",0.8490627505207679,0.9086599286298376,209.6899238306918,200.55496213241094,"4-Seam Fastball",91,660,675,9.134961698280875,9.134961698280849,-15,11,0,11,15,0,15,"11:00","11:15","-0H 15M"
,"Estrada, Jeremiah",669093,"R","FF",252,"97.9",2242,"20.1",0.9456147813206981,0.9908867647826632,169.9142220934524,170.91389569824298,"4-Seam Fastball",99,735,735,-0.999673604790587,0.9996736047905819,0,12,15,12,15,0,0,"12:15","12:15"," 0H 00M"
,"May, Dustin",669160,"R","FF",132,"95.1",2347,"16",0.7355163655562467,0.8397411533043879,127.76627288282751,135.7679748777372,"4-Seam Fastball",84,105,90,-8.001701994909695,8.001701994909684,15,1,45,1,30,0,15,"1:45","1:30","+0H 15M"
,"Nelson, Ryne",669194,"R","FF",357,"95.7",2279,"19.2",0.9284982976735598,0.982082379837649,167.34726056767093,168.48130377872738,"4-Seam Fastball",98,750,750,-1.1340432110564507,1.134043211056456,0,12,30,12,30,0,0,"12:30","12:30"," 0H 00M"
,"Bachar, Lake",669199,"R","FF",169,"93.9",2689,"20.7",0.8943025584255865,0.8844569126349118,150.24548701289254,152.40066686872274,"4-Seam Fastball",88,60,60,-2.155179855830198,2.1551798558301813,0,1,0,1,0,0,0,"1:00","1:00"," 0H 00M"
,"Akin, Keegan",669211,"L","FF",224,"93.1",2362,"21.3",0.9698700822784602,0.9647810054401889,220.88502393332828,218.40958165325506,"4-Seam Fastball",96,645,645,2.4754422800732243,2.475442280073226,0,10,45,10,45,0,0,"10:45","10:45"," 0H 00M"
,"Lee, Dylan",669276,"L","FF",124,"93.6",2322,"20.8",0.978352350078679,0.9952301384967397,206.26118505790697,204.67473444255552,"4-Seam Fastball",100,660,675,1.5864506153514526,1.5864506153514706,-15,11,0,11,15,0,15,"11:00","11:15","-0H 15M"
,"Gilbert, Logan",669302,"R","FF",168,"95.5",2185,"19.5",0.903160668486178,0.9707226544332301,145.53704364388062,149.22413859718034,"4-Seam Fastball",97,75,60,-3.68709495329972,3.687094953299728,15,1,15,1,0,0,15,"1:15","1:00","+0H 15M"
,"Baz, Shane",669358,"R","FF",469,"96.8",2456,"19.5",0.894969993088347,0.9277957397698432,143.97643640095697,147.7362762114272,"4-Seam Fastball",93,75,60,-3.7598398104702255,3.7598398104702357,15,1,15,1,0,0,15,"1:15","1:00","+0H 15M"
,"Henry, Cole",669371,"R","FF",130,"94.2",2525,"21.2",0.9437279148253644,0.9554341235263699,131.92009560655129,135.4831380833157,"4-Seam Fastball",96,90,90,-3.563042476764423,3.563042476764434,0,1,30,1,30,0,0,"1:30","1:30"," 0H 00M"
,"Skubal, Tarik",669373,"L","FF",289,"97.7",2323,"17.7",0.8230733495266147,0.9183349368558379,204.48802048681307,193.71323025256945,"4-Seam Fastball",92,675,690,10.774790234243625,10.774790234243655,-15,11,15,11,30,0,15,"11:15","11:30","-0H 15M"
,"Mlodzinski, Carmen",669387,"R","FF",248,"95.4",2106,"14.5",0.7086099355428787,0.8713403398453173,133.59400052286628,137.32847240561074,"4-Seam Fastball",87,90,90,-3.734471882744458,3.7344718827444687,0,1,30,1,30,0,0,"1:30","1:30"," 0H 00M"
,"Liberatore, Matthew",669461,"L","FF",244,"94.4",2067,"17.4",0.8586665667441218,0.9576515816696327,207.24381658562416,204.58080475841223,"4-Seam Fastball",96,660,675,2.663011827211932,2.6630118272119505,-15,11,0,11,15,0,15,"11:00","11:15","-0H 15M"
,"Pallante, Andre",669467,"R","FF",492,"94.2",2287,"9.8",0.45518250295007623,0.6867246059286655,178.07361204258294,176.8816488453165,"4-Seam Fastball",69,720,720,1.191963197266432,1.1919631972664524,0,12,0,12,0,0,0,"12:00","12:00"," 0H 00M"
,"Weissert, Greg",669711,"R","FF",147,"93.8",2354,"15.1",0.6876751862755268,0.7305747798769919,136.5445408610529,142.28851728815488,"4-Seam Fastball",73,90,75,-5.743976427101984,5.743976427101977,15,1,30,1,15,0,15,"1:30","1:15","+0H 15M"
,"Wesneski, Hayden",669713,"R","FF",182,"93.8",2258,"14.7",0.6833226731061128,0.817661548926351,151.87100707361932,153.13347020635945,"4-Seam Fastball",82,60,60,-1.2624631327401232,1.2624631327401339,0,1,0,1,0,0,0,"1:00","1:00"," 0H 00M"
,"Blanco, Ronel",669854,"R","FF",283,"93.2",2260,"19.5",0.9087047448586427,0.982487581639544,154.90901226021862,158.87703821333832,"4-Seam Fastball",98,765,765,-3.9680259531197066,3.968025953119708,0,12,45,12,45,0,0,"12:45","12:45"," 0H 00M"
,"Francis, Bowden",670102,"R","FF",516,"92.4",2249,"19.5",0.8955979038815243,0.9247204295275248,149.03735349232147,157.09167169659023,"4-Seam Fastball",92,60,765,-8.054318204268753,8.054318204268737,15,1,0,12,45,0,15,"1:00","12:45","+0H 15M"
,"Bednar, David",670280,"R","FF",150,"97",2429,"20.1",0.9298069612108605,0.9805036431361035,148.34914367242158,152.10998279158218,"4-Seam Fastball",98,60,60,-3.7608391191606074,3.7608391191606048,0,1,0,1,0,0,0,"1:00","1:00"," 0H 00M"
,"Uceta, Edwin",670955,"R","FF",145,"93.7",2407,"18",0.8305758606568929,0.8702105036423997,126.4973911553424,134.27958106607304,"4-Seam Fastball",87,105,90,-7.7821899107306365,7.782189910730641,15,1,45,1,30,0,15,"1:45","1:30","+0H 15M"
,"Abbott, Andrew",671096,"L","FF",379,"91.9",2212,"18.1",0.8683035007925948,0.9537496111690442,211.05124848600934,209.7588050949747,"4-Seam Fastball",95,660,660,1.2924433910346522,1.292443391034654,0,11,0,11,0,0,0,"11:00","11:00"," 0H 00M"
,"Allen, Logan",671106,"L","FF",257,"90.5",2251,"16.4",0.7460043564095097,0.8417929190290672,211.3326899501243,202.1811918192456,"4-Seam Fastball",84,660,675,9.151498130878679,9.151498130878716,-15,11,0,11,15,0,15,"11:00","11:15","-0H 15M"
,"Bradley, Taj",671737,"R","FF",424,"96.2",2323,"19",0.9065534743684419,0.9649337288471493,156.82589693007938,157.22350666623134,"4-Seam Fastball",96,765,765,-0.3976097361519635,0.3976097361519897,0,12,45,12,45,0,0,"12:45","12:45"," 0H 00M"
,"Smith, Cade",671922,"R","FF",304,"95.9",2281,"18.7",0.8744040339808256,0.9645719455035154,145.14164984034457,150.2736330377893,"4-Seam Fastball",96,75,60,-5.131983197444725,5.1319831974447325,15,1,15,1,0,0,15,"1:15","1:00","+0H 15M"
,"Detmers, Reid",672282,"L","FF",199,"94.9",2133,"19.4",0.9313639772097598,0.9911243486514317,210.2581052153157,205.25271481692508,"4-Seam Fastball",99,660,675,5.005390398390631,5.00539039839064,-15,11,0,11,15,0,15,"11:00","11:15","-0H 15M"
,"Ort, Kaleb",672391,"R","FF",131,"96.1",2422,"19.8",0.9030363181474631,0.9689206729676034,154.1672749239691,153.14394973798903,"4-Seam Fastball",97,765,60,1.0233251859800703,1.0233251859800685,-15,12,45,1,0,0,15,"12:45","1:00","-0H 15M"
,"Montero, Keider",672456,"R","FF",174,"93.3",2185,"15.7",0.7731902100346096,0.8524816255355271,150.264328251426,160.6636944451644,"4-Seam Fastball",85,60,765,-10.399366193738388,10.399366193738377,15,1,0,12,45,0,15,"1:00","12:45","+0H 15M"
,"Hernández, Carlos",672578,"R","FF",224,"97.8",2423,"19.5",0.9075976466928578,0.944706899592303,148.33293999698913,152.3622212575275,"4-Seam Fastball",94,60,60,-4.029281260538369,4.0292812605383785,0,1,0,1,0,0,0,"1:00","1:00"," 0H 00M"
,"Gómez, Yoendrys",672782,"R","FF",136,"93.4",2452,"16.4",0.7339049089232175,0.841334263857103,153.80060136819384,161.56811225694136,"4-Seam Fastball",84,765,750,-7.767510888747523,7.76751088874751,15,12,45,12,30,0,15,"12:45","12:30","+0H 15M"
,"Matsui, Yuki",673513,"L","FF",139,"91.9",2410,"19.6",0.8828124278871661,0.9327785182161655,197.8086321233154,190.49965621500817,"4-Seam Fastball",93,690,705,7.308975908307218,7.308975908307256,-15,11,30,11,45,0,15,"11:30","11:45","-0H 15M"
,"Senga, Kodai",673540,"R","FF",286,"94.8",2380,"18.3",0.8332021089449261,0.8778857969756475,142.49333618499972,151.81663700977026,"4-Seam Fastball",88,75,60,-9.323300824770541,9.323300824770552,15,1,15,1,0,0,15,"1:15","1:00","+0H 15M"
,"Leasure, Jordan",673929,"R","FF",196,"96.2",2360,"20",0.9128373011437999,0.9538884418121443,164.41819775595775,167.16847038934932,"4-Seam Fastball",95,750,750,-2.7502726333915746,2.7502726333915772,0,12,30,12,30,0,0,"12:30","12:30"," 0H 00M"
,"Bido, Osvaldo",674370,"R","FF",299,"94.2",2407,"18.9",0.8634840930731387,0.9377365529973353,138.0714459442937,143.49628901740192,"4-Seam Fastball",94,90,75,-5.424843073108207,5.424843073108217,15,1,30,1,15,0,15,"1:30","1:15","+0H 15M"
,"Cruz, Steven",674444,"R","FF",120,"98.1",2252,"17.7",0.8457406494615765,0.9414861863181779,143.9335286679093,144.5613614626879,"4-Seam Fastball",94,75,75,-0.6278327947786124,0.6278327947786442,0,1,15,1,15,0,0,"1:15","1:15"," 0H 00M"
,"Strider, Spencer",675911,"R","FF",148,"95.2",2280,"19.7",0.9167979756378595,0.9642585338530384,150.89244373985503,152.52213962467772,"4-Seam Fastball",96,60,60,-1.629695884822695,1.629695884822694,0,1,0,1,0,0,0,"1:00","1:00"," 0H 00M"
,"Snider, Collin",676092,"R","FF",128,"92.4",2598,"8",0.3425474284071117,0.35133690848407323,144.3505915623225,169.6841437350629,"4-Seam Fastball",35,75,735,-25.333552172740383,25.333552172740408,60,1,15,12,15,1,0,"1:15","12:15","+1H 00M"
,"Hancock, Emerson",676106,"R","FF",158,"94.8",2441,"18.7",0.8377261412898622,0.9173396602926579,127.68678706578217,130.049757508561,"4-Seam Fastball",92,105,105,-2.362970442778817,2.362970442778804,0,1,45,1,45,0,0,"1:45","1:45"," 0H 00M"
,"Buttó, José",676130,"R","FF",144,"94.7",2395,"15.1",0.6817569332413822,0.7488382437756242,155.7481485906331,170.75389572636664,"4-Seam Fastball",75,765,735,-15.005747135733543,15.005747135733541,30,12,45,12,15,0,30,"12:45","12:15","+0H 30M"
,"Dreyer, Jack",676263,"L","FF",181,"92.4",2366,"20.8",0.948314924016791,0.9955488053388548,203.93310337014384,202.10994923252787,"4-Seam Fastball",100,675,675,1.8231541376159726,1.8231541376159761,0,11,15,11,15,0,0,"11:15","11:15"," 0H 00M"
,"Cantillo, Joey",676282,"L","FF",212,"91.7",1810,"18",0.9220472311314903,0.9927825707228155,205.28801113932573,202.59912951777108,"4-Seam Fastball",99,675,675,2.688881621554657,2.6888816215546707,0,11,15,11,15,0,0,"11:15","11:15"," 0H 00M"
,"Garcia, Robert",676395,"L","FF",127,"93.9",2226,"16.4",0.769093773747945,0.8409682305163093,229.07154543866565,217.9482129194792,"4-Seam Fastball",84,615,645,11.123332519186448,11.123332519186429,-30,10,15,10,45,0,30,"10:15","10:45","-0H 30M"
,"Bibee, Tanner",676440,"R","FF",327,"94.5",2226,"15.1",0.7062773688605009,0.8451555075101285,154.33071286711748,156.42159364091856,"4-Seam Fastball",85,765,765,-2.090880773801075,2.090880773801083,0,12,45,12,45,0,0,"12:45","12:45"," 0H 00M"
,"Casparius, Ben",676508,"R","FF",178,"96.1",2440,"18.1",0.822418510651043,0.8415041169993838,160.7091642734386,170.43570283709792,"4-Seam Fastball",84,765,735,-9.726538563659318,9.726538563659332,30,12,45,12,15,0,30,"12:45","12:15","+0H 30M"
,"Sears, JP",676664,"L","FF",399,"92.2",2020,"18.1",0.8931822195150889,0.9879129089575805,228.50492336922716,224.07443997781996,"4-Seam Fastball",99,630,630,4.4304833914071935,4.430483391407229,0,10,30,10,30,0,0,"10:30","10:30"," 0H 00M"
,"Vest, Will",676684,"R","FF",273,"96.9",2240,"17.3",0.8315969640922294,0.8974618919781016,151.24819590185155,158.08399647808707,"4-Seam Fastball",90,60,765,-6.835800576235528,6.835800576235532,15,1,0,12,45,0,15,"1:00","12:45","+0H 15M"
,"Brown, Ben",676962,"R","FF",491,"95.4",2207,"18.5",0.8668223200466152,0.9525410256659134,151.04693981461904,155.62841598764842,"4-Seam Fastball",95,60,765,-4.581476173029387,4.58147617302938,15,1,0,12,45,0,15,"1:00","12:45","+0H 15M"
,"Meyer, Max",676974,"R","FF",212,"95",2512,"17.6",0.7872075100408503,0.7783947900565438,139.08489317207628,147.45947674666607,"4-Seam Fastball",78,75,60,-8.374583574589792,8.374583574589792,15,1,15,1,0,0,15,"1:15","1:00","+0H 15M"
,"Crochet, Garrett",676979,"L","FF",483,"96.1",2471,"18",0.8114645442763233,0.8587526886083637,220.94675595381852,211.46651885949208,"4-Seam Fastball",86,645,660,9.48023709432644,9.48023709432644,-15,10,45,11,0,0,15,"10:45","11:00","-0H 15M"
,"Weathers, Ryan",677960,"L","FF",122,"97.5",2346,"18.9",0.8739935592778798,0.9510861895045855,215.2190098266115,210.58438054795724,"4-Seam Fastball",95,645,660,4.634629278654273,4.6346292786542715,-15,10,45,11,0,0,15,"10:45","11:00","-0H 15M"
,"Halvorsen, Seth",678020,"R","FF",160,"100",2253,"16.3",0.8826345606028143,0.9886681163469655,139.81655865885358,138.54108148821993,"4-Seam Fastball",99,75,90,1.2754771706336498,1.275477170633632,-15,1,15,1,30,0,15,"1:15","1:30","-0H 15M"
,"Hernández, Daysbel",678226,"R","FF",179,"97.9",2312,"18.4",0.8901867124078663,0.9943946590500268,140.59353696759115,148.9690919078803,"4-Seam Fastball",99,75,60,-8.375554940289163,8.375554940289174,15,1,15,1,0,0,15,"1:15","1:00","+0H 15M"
,"Bellozo, Valente",678368,"R","FF",139,"90.9",2143,"17.7",0.8287941665188573,0.8870798601054521,160.41551038737174,169.22678426883914,"4-Seam Fastball",89,765,735,-8.8112738814674,8.811273881467383,30,12,45,12,15,0,30,"12:45","12:15","+0H 30M"
,"Rodríguez, Randy",678495,"R","FF",190,"97.1",2608,"19.1",0.8352593350048684,0.8661324832568565,155.46070458439547,159.77696556409452,"4-Seam Fastball",87,765,765,-4.316260979699052,4.316260979699036,0,12,45,12,45,0,0,"12:45","12:45"," 0H 00M"
,"Henriquez, Ronny",678692,"R","FF",125,"96",2438,"19.8",0.9012524175059788,0.9047459975452917,150.73656905442192,157.6126417988546,"4-Seam Fastball",90,60,765,-6.87607274443269,6.876072744432683,15,1,0,12,45,0,15,"1:00","12:45","+0H 15M"
,"Peralta, Luis",678821,"L","FF",137,"94.3",2255,"19.6",0.9516108932381112,0.9930589883599421,226.83814304868454,224.08399286286286,"4-Seam Fastball",99,630,630,2.754150185821686,2.754150185821671,0,10,30,10,30,0,0,"10:30","10:30"," 0H 00M"
,"Woods Richardson, Simeon",680573,"R","FF",326,"93.1",2251,"19.6",0.9185232132275648,0.9806901142343697,163.6718670741998,162.49336112803627,"4-Seam Fastball",98,750,750,1.1785059461635399,1.1785059461635647,0,12,30,12,30,0,0,"12:30","12:30"," 0H 00M"
,"Hoglund, Gunnar",680684,"R","FF",174,"93.7",2410,"19.5",0.8921778496971143,0.9352730037274644,153.96184046586254,157.13974952309513,"4-Seam Fastball",94,765,765,-3.177909057232597,3.177909057232586,0,12,45,12,45,0,0,"12:45","12:45"," 0H 00M"
,"Parker, Mitchell",680730,"L","FF",522,"92.7",2164,"18.5",0.8781923207492898,0.9927029617177903,197.60714309279808,196.5581812731615,"4-Seam Fastball",99,690,690,1.0489618196365882,1.048961819636624,0,11,30,11,30,0,0,"11:30","11:30"," 0H 00M"
,"Burke, Sean",680732,"R","FF",415,"94",2544,"18.9",0.8352575397376399,0.8747918421575,162.32635783275748,167.3500630539042,"4-Seam Fastball",87,750,750,-5.023705221146713,5.023705221146727,0,12,30,12,30,0,0,"12:30","12:30"," 0H 00M"
,"Holman, Grant",680880,"R","FF",125,"94.8",1959,"17.3",0.8650906299623282,0.9667499713797344,143.9466066363578,147.41849188520456,"4-Seam Fastball",97,75,60,-3.471885248846746,3.4718852488467657,15,1,15,1,0,0,15,"1:15","1:00","+0H 15M"
,"Schwellenbach, Spencer",680885,"R","FF",322,"96.8",2306,"15.5",0.7505927249264256,0.8236486522305982,145.5844057824978,157.88646746006228,"4-Seam Fastball",82,75,765,-12.302061677564467,12.302061677564458,30,1,15,12,45,0,30,"1:15","12:45","+0H 30M"
,"Vásquez, Randy",681190,"R","FF",156,"92.9",2339,"16.8",0.7867669153567665,0.8478731796450453,150.9664561338283,154.14822078394414,"4-Seam Fastball",85,60,765,-3.181764650115838,3.181764650115843,15,1,0,12,45,0,15,"1:00","12:45","+0H 15M"
,"Smith, Shane",681343,"R","FF",377,"94.9",2314,"14.8",0.6848354016124879,0.7301230008750681,149.659126070382,158.6153165604802,"4-Seam Fastball",73,60,765,-8.956190490098209,8.956190490098235,15,1,0,12,45,0,15,"1:00","12:45","+0H 15M"
,"Leahy, Kyle",681517,"R","FF",132,"95",2367,"16.8",0.7703573646407653,0.8549702115123825,158.3702449952337,169.0890209133871,"4-Seam Fastball",85,765,735,-10.718775918153398,10.718775918153376,30,12,45,12,15,0,30,"12:45","12:15","+0H 30M"
,"Olson, Reese",681857,"R","FF",114,"94.8",2305,"18.1",0.8396684400464702,0.8793785161461164,137.93614657211856,145.81762116542723,"4-Seam Fastball",88,90,75,-7.881474593308667,7.88147459330868,15,1,30,1,15,0,15,"1:30","1:15","+0H 15M"
,"Vesia, Alex",681911,"L","FF",215,"92.4",2432,"21.7",0.9768038957413688,0.9892913447030337,195.23129369414877,196.20809289772362,"4-Seam Fastball",99,690,690,-0.9767992035748421,0.9767992035748407,0,11,30,11,30,0,0,"11:30","11:30"," 0H 00M"
,"Anderson, Grant",681982,"R","FF",118,"92.6",2394,"18",0.8338809244118146,0.8416303001805142,114.3266734883527,125.53402006300837,"4-Seam Fastball",84,135,105,-11.207346574655674,11.207346574655666,30,2,15,1,45,0,30,"2:15","1:45","+0H 30M"
,"Lopez, Jacob",682052,"L","FF",143,"90.5",2114,"18.3",0.8711965317248143,0.9389669690735315,236.72169549065546,237.2040334774856,"4-Seam Fastball",94,600,600,-0.48233798683014584,0.48233798683011714,0,10,0,10,0,0,0,"10:00","10:00"," 0H 00M"
,"Miller, Bryce",682243,"R","FF",289,"94.4",2500,"19.8",0.8654731552100021,0.9224979725447195,156.3284738275106,161.90939720198284,"4-Seam Fastball",92,765,750,-5.580923374472235,5.580923374472246,15,12,45,12,30,0,15,"12:45","12:30","+0H 15M"
,"Montgomery, Mason",682254,"L","FF",184,"98.8",2344,"19.5",0.9366385978764894,0.9812580167238919,199.73265223532675,196.13957877499647,"4-Seam Fastball",98,675,690,3.593073460330288,3.5930734603303005,-15,11,15,11,30,0,15,"11:15","11:30","-0H 15M"
,"Ortiz, Luis L.",682847,"R","FF",304,"96.2",2277,"17.3",0.8160359556985523,0.8864980400554515,127.94176730546707,131.94957904889236,"4-Seam Fastball",89,105,90,-4.007811743425293,4.007811743425292,15,1,45,1,30,0,15,"1:45","1:30","+0H 15M"
,"Leiter, Jack",683004,"R","FF",230,"97.5",2395,"19.1",0.8940883895316947,0.9458756907053869,149.7315627633918,153.26393247931966,"4-Seam Fastball",95,60,60,-3.532369715927871,3.53236971592786,0,1,0,1,0,0,0,"1:00","1:00"," 0H 00M"
,"Mears, Nick",683232,"R","FF",204,"94.7",2243,"18.7",0.8899887199873764,0.950813519361883,158.28206722286347,164.90094332119486,"4-Seam Fastball",95,765,750,-6.618876098331384,6.61887609833138,15,12,45,12,30,0,15,"12:45","12:30","+0H 15M"
,"Chivilli, Angel",683409,"R","FF",227,"96.9",2296,"17.2",0.8947144643336802,0.9934941441651016,122.35613893610187,117.85736611155785,"4-Seam Fastball",99,120,120,4.4987728245440195,4.498772824544024,0,2,0,2,0,0,0,"2:00","2:00"," 0H 00M"
,"Imanaga, Shota",684007,"L","FF",309,"91",2491,"22.3",0.9818726059941421,0.9928472281441784,213.86109617531667,213.87767449091916,"4-Seam Fastball",99,645,645,-0.016578315602487237,0.016578315602473522,0,10,45,10,45,0,0,"10:45","10:45"," 0H 00M"
,"Rodríguez, Yariel",684320,"R","FF",188,"96",2407,"14.9",0.6800866930089112,0.7816901190186761,147.30925379510336,160.8153761805259,"4-Seam Fastball",78,60,765,-13.506122385422543,13.50612238542255,15,1,0,12,45,0,15,"1:00","12:45","+0H 15M"
,"Veneziano, Anthony",685107,"L","FF",115,"94.2",2309,"16.6",0.7682519427490289,0.8640018783023663,222.04352139748744,211.68451414433386,"4-Seam Fastball",86,630,660,10.359007253153578,10.359007253153589,-30,10,30,11,0,0,30,"10:30","11:00","-0H 30M"
,"Gordon, Tanner",685299,"R","FF",116,"91.7",2185,"16.9",0.9013258761768341,0.9926583853117701,139.0366344760347,140.3174619997472,"4-Seam Fastball",99,75,75,-1.280827523712503,1.2808275237125095,0,1,15,1,15,0,0,"1:15","1:15"," 0H 00M"
,"Cannon, Jonathan",686563,"R","FF",150,"93.5",2226,"17.2",0.7937058030862043,0.847387835685775,138.41064095586532,148.49109107945395,"4-Seam Fastball",85,90,60,-10.080450123588633,10.080450123588626,30,1,30,1,0,0,30,"1:30","1:00","+0H 30M"
,"Slaten, Justin",686580,"R","FF",118,"97",2452,"18.6",0.8443502484675455,0.8772059333798213,163.2487041936642,170.79936406618674,"4-Seam Fastball",88,750,735,-7.5506598725225444,7.550659872522531,15,12,30,12,15,0,15,"12:30","12:15","+0H 15M"
,"Brown, Hunter",686613,"R","FF",368,"96.9",2256,"18.3",0.8639739351678768,0.9421371230389761,154.56122462197055,157.24961038588174,"4-Seam Fastball",94,765,765,-2.6883857639111852,2.6883857639111826,0,12,45,12,45,0,0,"12:45","12:45"," 0H 00M"
,"Pepiot, Ryan",686752,"R","FF",472,"94.9",2398,"20.7",0.9584712232794783,0.9907269857724829,155.96568169809368,157.0480192629367,"4-Seam Fastball",99,765,765,-1.0823375648430158,1.0823375648430136,0,12,45,12,45,0,0,"12:45","12:45"," 0H 00M"
,"Kochanowicz, Jack",686799,"R","FF",179,"95.7",2241,"15.5",0.7389207684908129,0.8187295515785623,137.13431070727697,148.52310863217386,"4-Seam Fastball",82,90,60,-11.388797924896892,11.38879792489691,30,1,30,1,0,0,30,"1:30","1:00","+0H 30M"
,"Varland, Louis",686973,"R","FF",178,"98",2125,"17.2",0.8487162482254242,0.9234117812231605,148.590519710623,154.25181356948997,"4-Seam Fastball",92,60,765,-5.661293858866969,5.66129385886699,15,1,0,12,45,0,15,"1:00","12:45","+0H 15M"
,"Sterner, Justin",686993,"R","FF",268,"93.5",2376,"19.5",0.8909859194139875,0.9452785398792356,144.02394870861323,150.24826286159737,"4-Seam Fastball",95,75,60,-6.224314152984135,6.2243141529841495,15,1,15,1,0,0,15,"1:15","1:00","+0H 15M"
,"Gillispie, Connor",687362,"R","FF",138,"91.2",2339,"20.7",0.9339266265229125,0.9378557839869237,154.214828472732,157.89863427231327,"4-Seam Fastball",94,765,765,-3.683805799581279,3.6838057995813025,0,12,45,12,45,0,0,"12:45","12:45"," 0H 00M"
,"Gusto, Ryan",687473,"R","FF",344,"94",2444,"19.3",0.8657271402809311,0.9156729845650717,153.8888431581465,160.41435727983685,"4-Seam Fastball",92,765,765,-6.52551412169035,6.525514121690362,0,12,45,12,45,0,0,"12:45","12:45"," 0H 00M"
,"Hodge, Porter",687863,"R","FF",167,"96",2373,"14.1",0.6518342324776814,0.763888958313393,167.8666516703343,181.69189429494295,"4-Seam Fastball",76,750,720,-13.825242624608649,13.825242624608645,30,12,30,12,0,0,30,"12:30","12:00","+0H 30M"
,"King, Bryan",687911,"L","FF",231,"91.9",2149,"14.6",0.6879963048227862,0.7523714111016236,210.8734233722666,196.44637227686948,"4-Seam Fastball",75,660,690,14.427051095397104,14.427051095397108,-30,11,0,11,30,0,30,"11:00","11:30","-0H 30M"
,"Lucas, Easton",687922,"L","FF",166,"93.3",2210,"17.9",0.821360008166934,0.9126030009482596,206.2801657994882,197.1771722836557,"4-Seam Fastball",91,660,690,9.102993515832509,9.102993515832534,-30,11,0,11,30,0,30,"11:00","11:30","-0H 30M"
,"Knack, Landon",689017,"R","FF",234,"93.1",2402,"20.1",0.9085883994219426,0.9633461643831946,156.3558451758746,159.0898015689661,"4-Seam Fastball",96,765,765,-2.733956393091489,2.7339563930915003,0,12,45,12,45,0,0,"12:45","12:45"," 0H 00M"
,"Brieske, Beau",689225,"R","FF",164,"95.7",2505,"18.5",0.8363679563960108,0.9013159691005065,159.84790802759534,164.7911312638911,"4-Seam Fastball",90,765,750,-4.943223236295751,4.94322323629574,15,12,45,12,30,0,15,"12:45","12:30","+0H 15M"
,"Jacob, Alek",689690,"R","FF",179,"85.4",2324,"19",0.8426108678619441,0.882312489178716,124.09082681113239,130.9577449454924,"4-Seam Fastball",88,105,105,-6.86691813436002,6.866918134360015,0,1,45,1,45,0,0,"1:45","1:45"," 0H 00M"
,"Dobbins, Hunter",690928,"R","FF",265,"95.6",2372,"15.7",0.7221469861372277,0.7817404170926092,169.14225919709853,171.8571656367248,"4-Seam Fastball",78,735,735,-2.714906439626276,2.7149064396262865,0,12,15,12,15,0,0,"12:15","12:15"," 0H 00M"
,"Harrison, Kyle",690986,"L","FF",142,"95.3",2285,"19.1",0.8965821101787782,0.9813389124608101,235.3590987559159,232.11536317403858,"4-Seam Fastball",98,615,615,3.2437355818773312,3.243735581877378,0,10,15,10,15,0,0,"10:15","10:15"," 0H 00M"
,"Horton, Cade",690990,"R","FF",162,"95.5",2521,"14",0.6334484009903789,0.7055237159478158,170.2572253772553,184.9172648824565,"4-Seam Fastball",71,735,705,-14.660039505201183,14.660039505201167,30,12,15,11,45,0,30,"12:15","11:45","+0H 30M"
,"Woo, Bryan",693433,"R","FF",413,"95.6",2222,"16.9",0.7931645944007216,0.8893820353974863,139.73289407907944,149.85488734316442,"4-Seam Fastball",89,75,60,-10.121993264084978,10.121993264084995,15,1,15,1,0,0,15,"1:15","1:00","+0H 15M"
,"Palencia, Daniel",694037,"R","FF",231,"99.2",2319,"20.3",0.9529583110255505,0.9973879685538284,137.35916601333085,139.08063018254137,"4-Seam Fastball",100,90,75,-1.7214641692105204,1.7214641692105308,15,1,30,1,15,0,15,"1:30","1:15","+0H 15M"
,"Pfaadt, Brandon",694297,"R","FF",323,"93.4",2565,"16.8",0.7586534648358361,0.7435828672485486,146.50378257250725,158.68241387470644,"4-Seam Fastball",74,60,765,-12.178631302199193,12.178631302199168,15,1,0,12,45,0,15,"1:00","12:45","+0H 15M"
,"Patrick, Chad",694477,"R","FF",236,"93.7",2318,"17.7",0.8260349818082087,0.9155154745698895,150.21592416277628,155.99131234786137,"4-Seam Fastball",92,60,765,-5.775388185085092,5.775388185085081,15,1,0,12,45,0,15,"1:00","12:45","+0H 15M"
,"Skenes, Paul",694973,"R","FF",428,"98.1",2246,"19",0.9168714581175372,0.973357231941944,120.80395605713062,124.29872684490343,"4-Seam Fastball",97,120,105,-3.494770787772808,3.494770787772806,15,2,0,1,45,0,15,"2:00","1:45","+0H 15M"
,"Miller, Mason",695243,"R","FF",190,"100.8",2524,"18.8",0.8670502416491592,0.9334149603855232,148.78521887290995,151.23418567378957,"4-Seam Fastball",93,60,60,-2.4489668008796173,2.4489668008796044,0,1,0,1,0,0,0,"1:00","1:00"," 0H 00M"
,"Lord, Brad",695418,"R","FF",366,"94.9",2278,"18.4",0.8745281823616837,0.9746352498339756,115.37154729003689,120.8016191325689,"4-Seam Fastball",97,135,120,-5.430071842532016,5.430071842532006,15,2,15,2,0,0,15,"2:15","2:00","+0H 15M"
,"Jobe, Jackson",695549,"R","FF",273,"96.5",2384,"19",0.8855973753022424,0.9427406310912282,151.03474403296227,155.76777863970807,"4-Seam Fastball",94,60,765,-4.733034606745804,4.733034606745789,15,1,0,12,45,0,15,"1:00","12:45","+0H 15M"
,"Povich, Cade",700249,"L","FF",322,"92.2",2366,"20",0.9071601025326755,0.9442312600656453,217.9990503080947,211.77965114947366,"4-Seam Fastball",94,645,660,6.21939915862103,6.219399158621071,-15,10,45,11,0,0,15,"10:45","11:00","-0H 15M"
,"Smith-Shawver, AJ",700363,"R","FF",330,"95.6",2103,"18.3",0.9128920572787556,0.9750518039163043,143.86549257123784,148.20410398911014,"4-Seam Fastball",98,75,60,-4.3386114178723005,4.338611417872278,15,1,15,1,0,0,15,"1:15","1:00","+0H 15M"
,"Graceffo, Gordon",700669,"R","FF",127,"95",2100,"16.1",0.7943649024904702,0.9189884843832569,155.2766881542454,162.9823907438285,"4-Seam Fastball",92,765,750,-7.7057025895830975,7.70570258958309,15,12,45,12,30,0,15,"12:45","12:30","+0H 15M"
,"Warren, Will",701542,"R","FF",320,"93.2",2533,"17.8",0.783833196467459,0.7683784058407068,136.53997168608183,148.28991389941962,"4-Seam Fastball",77,90,60,-11.749942213337789,11.749942213337803,30,1,30,1,0,0,30,"1:30","1:00","+0H 30M"
,"Henderson, Logan",701656,"R","FF",158,"93",2340,"20.1",0.9278199501262562,0.9797324438283839,142.12209299231137,145.0330524562607,"4-Seam Fastball",98,75,75,-2.9109594639493253,2.9109594639493146,0,1,15,1,15,0,0,"1:15","1:15"," 0H 00M"
,"Dollander, Chase",801403,"R","FF",360,"97.5",2410,"17.3",0.8637560510094373,0.9440468992300941,131.02708516419108,136.77411887584742,"4-Seam Fastball",94,105,90,-5.747033711656343,5.747033711656361,15,1,45,1,30,0,15,"1:45","1:30","+0H 15M"
,"Matthews, Zebby",805673,"R","FF",120,"96.6",2340,"19.6",0.9133216795077356,0.9672582012607766,146.3432559941627,147.8535667900507,"4-Seam Fastball",97,60,60,-1.5103107958880173,1.5103107958879989,0,1,0,1,0,0,0,"1:00","1:00"," 0H 00M"
,"Birdsong, Hayden",806185,"R","FF",218,"96",2416,"19.4",0.8749695821800065,0.9325980306326894,156.32421658688895,160.72509485147023,"4-Seam Fastball",93,765,765,-4.40087826458128,4.400878264581277,0,12,45,12,45,0,0,"12:45","12:45"," 0H 00M"
,"Sasaki, Roki",808963,"R","FF",262,"95.7",2083,"17.5",0.8629692266943993,0.9555718812757789,135.21526310558824,141.4082073631591,"4-Seam Fastball",96,90,75,-6.192944257570872,6.192944257570893,15,1,30,1,15,0,15,"1:30","1:15","+0H 15M"
,"Yamamoto, Yoshinobu",808967,"R","FF",351,"95.1",2175,"17.1",0.8281837861929846,0.9047127250065335,146.3943110987786,154.75712504954507,"4-Seam Fastball",90,60,765,-8.36281395076648,8.362813950766487,15,1,0,12,45,0,15,"1:00","12:45","+0H 15M"